Compound;SMILES;Cluster;Center;Smiles;rmsd;Model.ID;Energy;nRot
4-COUMAROYLQUINATE;O=C(/C=C\c1ccc(O)cc1)O[C@H]1C[C@@](O)(C(=O)[O-])C[C@@H](O)[C@@H]1O;0;No;[O-]C(=O)[C@@]1(O)C[C@@H](O)[C@H](O)[C@H](C1)OC(=O)/C=C\c1ccc(O)cc1;0.348040402;1;-9.7;5
5-O-INDOL-3-YLACETYL-MYO-ETCETERA;O=C(Cc1c[nH]c2ccccc12)O[C@H]1[C@H](O[C@@H]2O[C@H](CO)[C@@H](O)[C@@H](O)[C@H]2O)[C@@H](O)[C@@H](O)[C@@H](O)[C@H]1O;0;No;OC[C@H]1O[C@@H](O[C@H]2[C@H](OC(=O)Cc3c[nH]c4ccccc43)[C@H](O)[C@H](O)[C@H](O)[C@@H]2O)[C@H](O)[C@H](O)[C@@H]1O;0.194785953;1;-9.5;7
BENZYL-DESULFOGLUCOSINOLATE;OC[C@@H]1O[C@@H](S/C(Cc2ccccc2)=N/O)[C@H](O)[C@@H](O)[C@H]1O;0;No;OC[C@@H]1O[C@@H](S/C(/Cc2ccccc2)=N/O)[C@H](O)[C@@H](O)[C@H]1O;0.244870692;1;-8.5;5
CPD-10358;Oc1cc(O)c2c(c1)O[C@H](c1cc(O)c(O)c(O)c1)[C@@H](O)C2;0;No;O[C@H]1Cc2c(cc(O)cc2O)O[C@@H]1c1cc(O)c(O)c(O)c1;0.233609959;1;-8.3;1
CPD-1042;N#C[C@@H](O[C@@H]1O[C@@H](CO)[C@H](O)[C@H](O)[C@H]1O)c1ccc(O)cc1;0;No;N#C[C@@H](O[C@@H]1O[C@@H](CO)[C@H](O)[C@H](O)[C@H]1O)c1ccc(O)cc1;0.403241426;1;-8.3;4
CPD-1125;N#C[C@H](O[C@H]1O[C@H](CO[C@@H]2O[C@H](CO)[C@H](O)[C@@H](O)[C@@H]2O)[C@H](O)[C@H](O)[C@@H]1O)c1ccccc1;0;No;N#C[C@H](O[C@H]1O[C@H](CO[C@@H]2O[C@H](CO)[C@H](O)[C@@H](O)[C@@H]2O)[C@H](O)[C@H](O)[C@@H]1O)c1ccccc1;0.143045574;1;-8.6;7
CPD-1142;OCc1ccccc1O[C@H]1O[C@H](CO)[C@H](O)[C@H](O)[C@@H]1O;0;No;O[C@@H]1[C@H](O)[C@H](O[C@H](CO)[C@@H]1O)Oc1ccccc1CO;0.059680246;1;-8.1;4
CPD-11590;O=C1c2c(O)cccc2[C@@H]([C@H]2O[C@@H](CO)[C@H](O)[C@H](O)[C@@H]2O)c2cc(CO)cc(O)c21;0;No;Oc1cc(CO)cc2[C@H]([C@H]3O[C@@H](CO)[C@H](O)[C@H](O)[C@@H]3O)c3cccc(O)c3C(=O)c12;0.107732005;1;-9.4;3
CPD-11941;Oc1cc(O)c2c(c1)O[C@@H](c1ccc(O)c(O)c1)C[C@H]2O;0;No;O[C@@H]1C[C@@H](Oc2cc(O)cc(O)c21)c1cc(O)c(O)cc1;0.23237446;1;-9.2;1
CPD-12038;O=C1/C(=C/Oc2ccc(O)cc2)Oc2cc(O)ccc21;0;No;Oc1ccc(cc1)O/C=C1\Oc2cc(O)ccc2C\1=O;0.205121264;1;-8.6;2
CPD-12447;O=C(CCc1ccc(O)cc1)c1c(O)cc([O-])cc1O[C@H]1O[C@@H](CO)[C@H](O)[C@@H](O)[C@@H]1O;0;No;[O-]c1cc(O)c(C(=O)CCc2ccc(O)cc2)c(c1)O[C@H]1O[C@@H](CO)[C@H](O)[C@@H](O)[C@@H]1O;0.166797847;1;-9.7;7
CPD-13354;OC[C@H]1O[C@H](OCCc2ccc(O)cc2)[C@H](O)[C@@H](O)[C@H]1O;0;No;Oc1ccc(CCO[C@H]2O[C@H](CO)[C@H](O)[C@H](O)[C@H]2O)cc1;0.157148972;1;-8.3;5
CPD-14429;O=c1ccc2cc(O)c(O[C@@H]3O[C@@H](CO)[C@H](O)[C@@H](O)[C@@H]3O)cc2o1;0;No;Oc1cc2C=CC(=O)Oc2cc1O[C@@H]1O[C@@H](CO)[C@H](O)[C@@H](O)[C@@H]1O;0.132647663;1;-9;3
CPD-14431;O=c1cc(O[C@@H]2O[C@H](CO)[C@@H](O)[C@@H](O)[C@@H]2O)c2cccc(O)c2o1;0;No;Oc1cccc2c1OC(=O)C=C2O[C@@H]1O[C@H](CO)[C@@H](O)[C@@H](O)[C@@H]1O;0.233505666;1;-8.2;0
CPD-14434;O=c1oc2c(O)cccc2cc1O[C@H]1O[C@@H](CO)[C@H](O)[C@@H](O)[C@@H]1O;0;No;Oc1cccc2C=C(O[C@H]3O[C@@H](CO)[C@H](O)[C@@H](O)[C@@H]3O)C(=O)Oc12;0.267832875;1;-9.2;0
CPD-14461;O=c1ccc2cc(O[C@@H]3O[C@H](CO)[C@@H](O)[C@@H](O)[C@@H]3O)c(O)cc2o1;0;No;Oc1cc2OC(=O)C=Cc2cc1O[C@@H]1O[C@H](CO)[C@@H](O)[C@@H](O)[C@@H]1O;0.101306692;1;-9.8;0
CPD-14731;CC(C)=CCC/C(C)=C/CO[C@@H]1O[C@@H](CO[C@@H]2OC[C@@H](O)[C@H](O)[C@H]2O)[C@@H](O)[C@H](O)[C@H]1O;0;No;CC(C)=CCC/C(/C)=C/CO[C@@H]1O[C@@H](CO[C@@H]2OC[C@@H](O)[C@H](O)[C@H]2O)[C@@H](O)[C@H](O)[C@H]1O;0.165166214;1;-9.3;9
CPD-14732;C=C[C@@](C)(CCC=C(C)C)O[C@H]1O[C@@H](CO[C@@H]2OC[C@@H](O)[C@@H](O)[C@H]2O)[C@H](O)[C@H](O)[C@H]1O;0;No;CC(C)=CCC[C@](C)(C=C)O[C@H]1O[C@@H](CO[C@@H]2OC[C@@H](O)[C@@H](O)[C@H]2O)[C@H](O)[C@H](O)[C@H]1O;0.172396511;1;-8.1;9
CPD-14734;O[C@H]1CO[C@H](OC[C@H]2O[C@@H](OCc3ccccc3)[C@H](O)[C@@H](O)[C@@H]2O)[C@H](O)[C@H]1O;0;No;O[C@H]1CO[C@H](OC[C@H]2O[C@@H](OCc3ccccc3)[C@H](O)[C@@H](O)[C@@H]2O)[C@H](O)[C@H]1O;0.174375251;1;-9.6;6
CPD-14735;O[C@H]1CO[C@H](OC[C@H]2O[C@@H](OCCc3ccccc3)[C@H](O)[C@@H](O)[C@@H]2O)[C@@H](O)[C@H]1O;0;No;O[C@H]1CO[C@H](OC[C@H]2O[C@@H](OCCc3ccccc3)[C@H](O)[C@@H](O)[C@@H]2O)[C@@H](O)[C@H]1O;0.193647459;1;-9.6;7
CPD-14739;OC[C@]1(O)CO[C@@H](OC[C@@H]2O[C@H](OCc3ccccc3)[C@H](O)[C@H](O)[C@@H]2O)[C@H]1O;0;No;OC[C@]1(O)CO[C@@H](OC[C@@H]2O[C@H](OCc3ccccc3)[C@H](O)[C@H](O)[C@@H]2O)[C@H]1O;0.229410157;1;-9.1;7
CPD-14835;COc1cc(/C=C\C(O)=C\C(=O)/C=C/c2ccc(O[C@H]3O[C@H](CO[C@@H]4O[C@H](CO[C@H]5O[C@@H](CO)[C@H](O)[C@H](O)[C@H]5O)[C@H](O)[C@@H](O)[C@H]4O)[C@@H](O)[C@H](O)[C@H]3O)c(OC)c2)ccc1O;0;No;COc1cc(ccc1O)/C=C\C(\O)=C\C(=O)/C=C/c1cc(OC)c(cc1)O[C@H]1O[C@H](CO[C@@H]2O[C@H](CO[C@H]3O[C@@H](CO)[C@H](O)[C@H](O)[C@H]3O)[C@H](O)[C@@H](O)[C@H]2O)[C@@H](O)[C@H](O)[C@H]1O;0.245045021;1;-10.4;16
CPD-14836;COc1cc(/C=C/C(O)=C/C(=O)/C=C\c2ccc(O[C@@H]3O[C@@H](CO[C@@H]4O[C@H](CO[C@H]5O[C@@H](CO[C@H]6O[C@H](CO)[C@@H](O)[C@@H](O)[C@@H]6O)[C@@H](O)[C@H](O)[C@@H]5O)[C@@H](O)[C@H](O)[C@H]4O)[C@H](O)[C@H](O)[C@H]3O)c(OC)c2)ccc1O;0;No;COc1cc(ccc1O)/C=C/C(/O)=C/C(=O)/C=C\c1cc(OC)c(cc1)O[C@@H]1O[C@@H](CO[C@@H]2O[C@H](CO[C@H]3O[C@@H](CO[C@H]4O[C@H](CO)[C@@H](O)[C@@H](O)[C@@H]4O)[C@@H](O)[C@H](O)[C@@H]3O)[C@@H](O)[C@H](O)[C@H]2O)[C@H](O)[C@H](O)[C@H]1O;0.107264422;1;-9.2;19
CPD-14839;OC[C@@H]1O[C@@H](OC[C@H]2O[C@@H](Oc3cc4c(cc3[C@H]3OC[C@@H]5[C@@H](c6ccc7c(c6)OCO7)OC[C@H]35)OCO4)[C@H](O)[C@@H](O)[C@@H]2O)[C@H](O)[C@H](O)[C@@H]1O;0;No;OC[C@@H]1O[C@@H](OC[C@H]2O[C@@H](Oc3cc4OCOc4cc3[C@H]3OC[C@@H]4[C@H](OC[C@@H]43)c3cc4OCOc4cc3)[C@H](O)[C@@H](O)[C@@H]2O)[C@H](O)[C@H](O)[C@@H]1O;0.172993958;1;-10.3;8
CPD-14839;OC[C@@H]1O[C@@H](OC[C@H]2O[C@@H](Oc3cc4c(cc3[C@H]3OC[C@@H]5[C@@H](c6ccc7c(c6)OCO7)OC[C@H]35)OCO4)[C@H](O)[C@@H](O)[C@@H]2O)[C@H](O)[C@H](O)[C@@H]1O;0;No;OC[C@@H]1O[C@@H](OC[C@H]2O[C@@H](Oc3cc4OCOc4cc3[C@H]3OC[C@@H]4[C@H](OC[C@@H]43)c3cc4OCOc4cc3)[C@H](O)[C@@H](O)[C@@H]2O)[C@H](O)[C@H](O)[C@@H]1O;0.172993958;1;-8.7;8
CPD-16530;O=C(O[C@@H]1Cc2c(O)cc(O)cc2O[C@H]1c1ccc(O)c(O)c1)c1cc(O)c(O)c(O)c1;0;No;Oc1c(O)cc(cc1O)C(=O)O[C@@H]1Cc2c(cc(O)cc2O)O[C@H]1c1ccc(O)c(O)c1;0.168168962;1;-8.9;4
CPD-16550;O=C(/C=C\c1ccc(O)c(O)c1)O[C@@H]1O[C@H](CO)[C@H](O)[C@@H](O)[C@@H]1O;0;No;OC[C@H]1O[C@@H](OC(=O)/C=C\c2ccc(O)c(O)c2)[C@@H](O)[C@H](O)[C@H]1O;0.260514349;1;-9;5
CPD-17478;O=C1c2ccc(O)cc2O[C@@H]1[C@H](OO)c1ccc(O[C@@H]2O[C@@H](CO)[C@H](O)[C@H](O)[C@@H]2O)cc1;0;No;Oc1cc2O[C@H]([C@H](OO)c3ccc(cc3)O[C@@H]3O[C@@H](CO)[C@H](O)[C@H](O)[C@@H]3O)C(=O)c2cc1;0.163914919;1;-8.1;0
CPD-17480;O=C1c2ccc(O)cc2O[C@@H]1[C@@H](O)c1ccc(O[C@@H]2O[C@H](CO)[C@@H](O)[C@H](O)[C@@H]2O)cc1;0;No;Oc1cc2O[C@H]([C@@H](O)c3ccc(cc3)O[C@@H]3O[C@H](CO)[C@@H](O)[C@H](O)[C@@H]3O)C(=O)c2cc1;0.126576245;1;-10.6;5
CPD-1777;COc1cc(/C=C\CO)ccc1O[C@@H]1O[C@@H](CO)[C@H](O)[C@@H](O)[C@@H]1O;0;No;COc1cc(/C=C\CO)ccc1O[C@@H]1O[C@@H](CO)[C@H](O)[C@@H](O)[C@@H]1O;0.252202719;1;-8.2;6
CPD-1862;OC[C@H]1O[C@@H](S/C(Cc2c[nH]c3ccccc23)=N/O)[C@H](O)[C@@H](O)[C@@H]1O;0;No;OC[C@H]1O[C@@H](S/C(/Cc2c[nH]c3ccccc32)=N/O)[C@H](O)[C@@H](O)[C@@H]1O;0.147393018;1;-8.4;5
CPD-19470;O=S(=O)([O-])O/N=C(/Cc1cn(O)c2ccccc12)S[C@@H]1O[C@@H](CO)[C@H](O)[C@@H](O)[C@H]1O;0;No;[O-]S(=O)(=O)O/N=C(/Cc1c[n](O)c2ccccc21)\S[C@@H]1O[C@@H](CO)[C@H](O)[C@@H](O)[C@H]1O;0.130922064;1;-8.6;7
CPD-20010;O=C(CCc1ccc(O)cc1)c1c(O)cc(O)c([C@@H]2O[C@@H](CO)[C@@H](O)[C@@H](O)[C@@H]2O)c1O;0;No;OC[C@@H]1O[C@H]([C@@H](O)[C@H](O)[C@@H]1O)c1c(O)cc(O)c(C(=O)CCc2ccc(O)cc2)c1O;0.068093509;1;-9.4;0
CPD-474;O=C1c2c(O)cc([O-])cc2O[C@@H](c2ccc(O)c(O)c2)[C@@H]1O;0;No;[O-]c1cc2O[C@H]([C@H](O)C(=O)c2c(O)c1)c1cc(O)c(O)cc1;0.418595225;1;-9;1
CPD-477;C=C1C[C@]23C[C@@]1(O)CC[C@H]2[C@@]1(C)C[C@H](O)C[C@@](C)(C(=O)[O-])[C@H]1[C@H]3C(=O)[O-];0;No;C[C@]1(C[C@@H](O)C[C@]2(C)[C@@H]3CC[C@]4(O)C[C@]3(CC4=C)[C@@H]([C@H]12)C([O-])=O)C([O-])=O;0.142022774;1;-9.4;2
CPD-6623;COc1cc(/C=C/C(=O)/C=C(O)\C=C/c2ccc(O[C@H]3O[C@H](CO)[C@@H](O)[C@@H](O)[C@@H]3O)c(OC)c2)ccc1O[C@@H]1O[C@@H](CO)[C@@H](O)[C@H](O)[C@@H]1O;0;No;COc1cc(/C=C\C(\O)=C/C(=O)/C=C/c2cc(OC)c(cc2)O[C@@H]2O[C@@H](CO)[C@@H](O)[C@H](O)[C@@H]2O)ccc1O[C@H]1O[C@H](CO)[C@@H](O)[C@@H](O)[C@@H]1O;0.200498119;1;-9.6;13
CPD-6624;COc1cc(/C=C/C(O)=C\C(=O)/C=C/c2ccc(O[C@@H]3O[C@@H](CO[C@H]4O[C@@H](CO)[C@H](O)[C@H](O)[C@H]4O)[C@H](O)[C@@H](O)[C@@H]3O)c(OC)c2)ccc1O;0;No;COc1cc(ccc1O)/C=C/C(/O)=C\C(=O)/C=C/c1cc(OC)c(cc1)O[C@@H]1O[C@@H](CO[C@H]2O[C@@H](CO)[C@H](O)[C@H](O)[C@H]2O)[C@H](O)[C@@H](O)[C@@H]1O;0.214829445;1;-10;13
CPD-6625;COc1cc(/C=C/C(O)=C\C(=O)/C=C\c2ccc(O[C@H]3O[C@H](CO[C@H]4O[C@H](CO)[C@H](O)[C@@H](O)[C@@H]4O)[C@@H](O)[C@@H](O)[C@H]3O)c(OC)c2)ccc1O[C@H]1O[C@H](CO)[C@@H](O)[C@@H](O)[C@H]1O;0;No;COc1cc(/C=C/C(/O)=C\C(=O)/C=C\c2cc(OC)c(cc2)O[C@H]2O[C@H](CO[C@H]3O[C@H](CO)[C@H](O)[C@@H](O)[C@@H]3O)[C@@H](O)[C@@H](O)[C@H]2O)ccc1O[C@H]1O[C@H](CO)[C@@H](O)[C@@H](O)[C@H]1O;0.214784846;1;-9.6;16
CPD-6994;O=C1C[C@H](c2ccc(O)c(O)c2)Oc2cc([O-])cc(O)c21;0;No;[O-]c1cc2O[C@H](CC(=O)c2c(O)c1)c1cc(O)c(O)cc1;0.411204606;1;-9.1;1
CPD-7073;COc1ccc([C@H]2CC(=O)c3c(O)cc(O[C@H]4O[C@H](CO)[C@H](O)[C@H](O)[C@H]4O)cc3O2)cc1O;0;No;COc1ccc(cc1O)[C@H]1CC(=O)c2c(cc(cc2O)O[C@H]2O[C@H](CO)[C@H](O)[C@H](O)[C@H]2O)O1;0.143155396;1;-8.7;5
CPD-7074;COc1ccc([C@@H]2CC(=O)c3c(O)cc(O[C@H]4O[C@H](CO)[C@@H](O)[C@H](O)[C@@H]4O[C@@H]4O[C@H](C)[C@@H](O)[C@H](O)[C@H]4O)cc3O2)cc1O;0;No;C[C@H]1O[C@@H](O[C@@H]2[C@H](O[C@H](CO)[C@@H](O)[C@@H]2O)Oc2cc3O[C@@H](CC(=O)c3c(O)c2)c2cc(O)c(cc2)OC)[C@H](O)[C@@H](O)[C@@H]1O;0.234841704;1;-8;7
CPD-7075;COc1ccc([C@@H]2CC(=O)c3c(O)cc(O[C@@H]4O[C@H](CO[C@H]5O[C@H](C)[C@@H](O)[C@@H](O)[C@H]5O)[C@@H](O)[C@H](O)[C@H]4O)cc3O2)cc1O;0;No;C[C@H]1O[C@H](OC[C@H]2O[C@@H](Oc3cc(O)c4C(=O)C[C@H](Oc4c3)c3cc(O)c(cc3)OC)[C@H](O)[C@@H](O)[C@@H]2O)[C@H](O)[C@H](O)[C@@H]1O;0.126252651;1;-9;7
CPD-7087;O=C1c2c(O)cc([O-])cc2O[C@H](c2cc(O)c(O)c(O)c2)[C@H]1O;0;No;[O-]c1cc(O)c2C(=O)[C@H](O)[C@H](Oc2c1)c1cc(O)c(O)c(O)c1;0.415001452;1;-8.2;1
CPD-8066;OC[C@@H]1O[C@@](CO)(O[C@H]2O[C@@H](CO[C@@H]3O[C@H](CO[C@H]4O[C@@H](CO[C@@H]5O[C@H](CO[C@@H]6O[C@H](CO)[C@@H](O)[C@H](O)[C@@H]6O)[C@H](O)[C@H](O)[C@H]5O)[C@H](O)[C@@H](O)[C@@H]4O)[C@H](O)[C@@H](O)[C@H]3O)[C@@H](O)[C@H](O)[C@@H]2O)[C@H](O)[C@H]1O;0;No;O[C@H]1[C@H](CO)O[C@@](CO)(O[C@H]2O[C@@H](CO[C@@H]3O[C@H](CO[C@H]4O[C@@H](CO[C@@H]5O[C@H](CO[C@@H]6O[C@H](CO)[C@@H](O)[C@H](O)[C@@H]6O)[C@H](O)[C@H](O)[C@H]5O)[C@H](O)[C@@H](O)[C@@H]4O)[C@H](O)[C@@H](O)[C@H]3O)[C@@H](O)[C@H](O)[C@@H]2O)[C@@H]1O;0.286443114;1;-8;17
CPD-8084;CC/C=C\C/C=C/C/C=C/CCCCCCCC(=O)OC[C@@H](CO[C@@H]1O[C@H](CO[C@@H]2O[C@H](CO)[C@@H](O)[C@H](O)[C@H]2O)[C@@H](O)[C@H](O)[C@H]1O)OC(=O)CCCCCCC/C=C/C/C=C/CCCCC;0;No;CC/C=C\C/C=C/C/C=C/CCCCCCCC(=O)OC[C@@H](CO[C@@H]1O[C@H](CO[C@@H]2O[C@H](CO)[C@@H](O)[C@H](O)[C@H]2O)[C@@H](O)[C@H](O)[C@H]1O)OC(=O)CCCCCCC/C=C/C/C=C/CCCCC;0.34955737;1;-8.2;WARNING:
CPD-8160;CCCCCCCC/C=C/CCCCCCCC(=O)OC[C@H](CO[C@H]1O[C@H](CO[C@H]2O[C@H](CO)[C@@H](O)[C@@H](O)[C@@H]2O)[C@H](O)[C@@H](O)[C@@H]1O)OC(=O)CCCCCCCCCCCCCCC;0;No;CCCCCCCCCCCCCCCC(=O)O[C@@H](CO[C@H]1O[C@H](CO[C@H]2O[C@H](CO)[C@@H](O)[C@@H](O)[C@@H]2O)[C@H](O)[C@@H](O)[C@@H]1O)COC(=O)CCCCCCC/C=C/CCCCCCCC;0.373352855;1;-8.3;WARNING:
CPD-8161;CCCCC/C=C/C/C=C/CCCCCCCC(=O)OC[C@H](CO[C@H]1O[C@H](CO[C@H]2O[C@H](CO)[C@@H](O)[C@@H](O)[C@@H]2O)[C@H](O)[C@@H](O)[C@@H]1O)OC(=O)CCCCCCCCCCCCCCC;0;No;CCCCC/C=C/C/C=C/CCCCCCCC(=O)OC[C@H](CO[C@H]1O[C@H](CO[C@H]2O[C@H](CO)[C@@H](O)[C@@H](O)[C@@H]2O)[C@H](O)[C@@H](O)[C@@H]1O)OC(=O)CCCCCCCCCCCCCCC;0.352130204;1;-8.4;WARNING:
CPD-8162;CC/C=C\C/C=C/C/C=C/CCCCCCCC(=O)OC[C@H](CO[C@H]1O[C@H](CO[C@@H]2O[C@@H](CO)[C@H](O)[C@H](O)[C@H]2O)[C@@H](O)[C@H](O)[C@H]1O)OC(=O)CCCCCCCCCCCCCCC;0;No;CC/C=C\C/C=C/C/C=C/CCCCCCCC(=O)OC[C@H](CO[C@H]1O[C@H](CO[C@@H]2O[C@@H](CO)[C@H](O)[C@H](O)[C@H]2O)[C@@H](O)[C@H](O)[C@H]1O)OC(=O)CCCCCCCCCCCCCCC;0.334078461;1;-8.5;WARNING:
CPD-82;COc1cc(CCCO)ccc1O[C@H]1O[C@H](CO)[C@@H](O)[C@H](O)[C@H]1O;0;Yes;COc1cc(CCCO)ccc1O[C@H]1O[C@H](CO)[C@@H](O)[C@H](O)[C@H]1O;0.254389107;1;-8.4;7
CPD-8255;OC[C@@H]1O[C@@H](OC[C@H]2O[C@H](OC[C@@H]3O[C@@H](O[C@H]4[C@@H](O)[C@H](O)[C@@H](O)[C@@H](O)[C@@H]4O)[C@H](O)[C@@H](O)[C@H]3O)[C@@H](O)[C@@H](O)[C@@H]2O)[C@H](O)[C@H](O)[C@H]1O;0;No;OC[C@@H]1O[C@@H](OC[C@H]2O[C@H](OC[C@@H]3O[C@@H](O[C@H]4[C@@H](O)[C@H](O)[C@@H](O)[C@@H](O)[C@@H]4O)[C@H](O)[C@@H](O)[C@H]3O)[C@@H](O)[C@@H](O)[C@@H]2O)[C@H](O)[C@H](O)[C@H]1O;0.251970053;1;-8.6;9
CPD-8258;OC[C@H]1O[C@H](OC[C@@H]2O[C@H](OC[C@@H]3O[C@H](O[C@@H]4[C@@H](O)[C@H](O)[C@H](O)[C@H](O)[C@H]4O)[C@H](O)[C@@H](O)[C@H]3O)[C@@H](O)[C@H](O)[C@H]2O)[C@H](O)[C@H](O)[C@@H]1O;0;No;OC[C@H]1O[C@H](OC[C@@H]2O[C@H](OC[C@@H]3O[C@H](O[C@@H]4[C@@H](O)[C@H](O)[C@H](O)[C@H](O)[C@H]4O)[C@H](O)[C@@H](O)[C@H]3O)[C@@H](O)[C@H](O)[C@H]2O)[C@H](O)[C@H](O)[C@@H]1O;0.331000268;1;-8.9;9
CPD-8634;O=C1/C(=C/c2ccc(O)c(O)c2)Oc2cc(O[C@H]3O[C@@H](CO)[C@H](O)[C@@H](O)[C@@H]3O)cc(O)c21;0;No;OC[C@@H]1O[C@H](Oc2cc(O)c3C(=O)/C(=C/c4cc(O)c(O)cc4)/Oc3c2)[C@@H](O)[C@H](O)[C@H]1O;0.10932219;1;-9.1;4
CPD-8635;O=C1/C(=C\c2cc(O)c(O)c(O)c2)Oc2cc(O[C@H]3O[C@H](CO)[C@H](O)[C@@H](O)[C@H]3O)cc(O)c21;0;No;OC[C@H]1O[C@H](Oc2cc3O/C(=C/c4cc(O)c(O)c(O)c4)/C(=O)c3c(O)c2)[C@H](O)[C@H](O)[C@H]1O;0.120569237;1;-9.7;4
CPD-8654;O=C([O-])C1=C/C(=C\C=[N+]2\c3cc(O)c(O[C@@H]4O[C@H](CO)[C@H](O)[C@@H](O)[C@@H]4O)cc3C[C@H]2C(=O)[O-])C[C@@H](C(=O)[O-])N1;0;No;[O-]C(=O)[C@@H]1C/C(/C=C(N1)C([O-])=O)=C/C=[N+]1\[C@@H](Cc2cc(O[C@@H]3O[C@H](CO)[C@H](O)[C@@H](O)[C@@H]3O)c(O)cc\12)C([O-])=O;0.473066896;1;-9.4;7
CPD-8656;O=C([O-])[C@H]1Cc2cc(O[C@H]3O[C@@H](CO)[C@H](O)[C@@H](O)[C@@H]3O)c(O)cc2N1;0;No;[O-]C(=O)[C@H]1Cc2cc(O[C@H]3O[C@@H](CO)[C@H](O)[C@@H](O)[C@@H]3O)c(O)cc2N1;0.234055385;1;-8.7;4
CPD-8657;O=C([O-])[C@H]1O[C@@H](O[C@H]2[C@@H](Oc3cc4c(cc3O)N[C@@H](C(=O)[O-])C4)O[C@H](CO)[C@@H](O)[C@H]2O)[C@@H](O)[C@H](O)[C@H]1O;0;No;[O-]C(=O)[C@H]1Cc2cc(O[C@H]3O[C@H](CO)[C@@H](O)[C@@H](O)[C@H]3O[C@@H]3O[C@@H]([C@H](O)[C@@H](O)[C@@H]3O)C([O-])=O)c(O)cc2N1;0.238236517;1;-8.7;7
CPD-8664;CC(=C/C=C\C=C(C)\C=C/C=C(/C)C(=O)O[C@H]1O[C@H](CO[C@@H]2O[C@H](CO)[C@H](O)[C@H](O)[C@@H]2O)[C@H](O)[C@H](O)[C@H]1O)/C=C/C=C(\C)C(=O)[O-];0;No;C/C(=C/C=C\C(\C)=C\C=C/C=C(/C)\C=C\C=C(/C)\C([O-])=O)/C(=O)O[C@H]1O[C@H](CO[C@@H]2O[C@H](CO)[C@H](O)[C@H](O)[C@@H]2O)[C@H](O)[C@H](O)[C@H]1O;0.177966863;1;-8.7;21
CPD-8665;C/C(=C/C=C/C(C)=C/C=C/C=C(C)/C=C\C=C(\C)C(=O)O[C@H]1O[C@@H](CO)[C@@H](O)[C@H](O)[C@H]1O)C(=O)O[C@@H]1O[C@@H](CO[C@H]2O[C@@H](CO)[C@H](O)[C@@H](O)[C@H]2O)[C@H](O)[C@@H](O)[C@@H]1O;0;No;C/C(=C/C=C/C(/C)=C/C=C/C=C(\C)/C=C\C=C(\C)/C(=O)O[C@H]1O[C@@H](CO)[C@@H](O)[C@H](O)[C@H]1O)/C(=O)O[C@@H]1O[C@@H](CO[C@H]2O[C@@H](CO)[C@H](O)[C@@H](O)[C@H]2O)[C@H](O)[C@@H](O)[C@@H]1O;0.185122028;1;-9.9;24
CPD-8666;CC(/C=C\C=C(\C)C(=O)O[C@@H]1O[C@H](CO[C@@H]2O[C@H](CO)[C@@H](O)[C@H](O)[C@H]2O)[C@H](O)[C@@H](O)[C@@H]1O)=C/C=C\C=C(C)\C=C/C=C(/C)C(=O)O[C@@H]1O[C@H](CO[C@@H]2O[C@H](CO)[C@H](O)[C@H](O)[C@H]2O)[C@@H](O)[C@H](O)[C@H]1O;0;No;C/C(/C=C\C=C(\C)/C(=O)O[C@@H]1O[C@H](CO[C@@H]2O[C@H](CO)[C@@H](O)[C@H](O)[C@H]2O)[C@H](O)[C@@H](O)[C@@H]1O)=C/C=C\C=C(/C)\C=C/C=C(/C)\C(=O)O[C@@H]1O[C@H](CO[C@@H]2O[C@H](CO)[C@H](O)[C@H](O)[C@H]2O)[C@@H](O)[C@H](O)[C@H]1O;0.435276479;1;-9.4;27
CPD-8757;COc1cc(CC/N=C/C=C2/C=C(C(=O)[O-])N[C@H](C(=O)[O-])C2)ccc1O;0;No;COc1cc(CC/N=C/C=C2\C[C@H](NC(=C\2)C([O-])=O)C([O-])=O)ccc1O;0.447533786;1;-9.1;7
CPD-8948;O=C(OC[C@@H]1O[C@@H](O)[C@@H](O)[C@@H](O)[C@H]1O)c1cc(O)c(O)c(O)c1;0;No;O[C@@H]1O[C@@H](COC(=O)c2cc(O)c(O)c(O)c2)[C@H](O)[C@H](O)[C@@H]1O;0.142126337;1;-8.3;4
CPD-9320;CC(C)=CCC/C(=C/Cc1cc(O)ccc1O)CO;0;No;CC(C)=CCC/C(/CO)=C/Cc1cc(O)ccc1O;0.095186159;1;-8.5;6
CPD1F-139;C=C1C[C@]23C[C@@]1(O)CC[C@@H]2[C@@]12CC[C@H](O)[C@@](C)(C(=O)O1)[C@H]2[C@@H]3C(=O)[O-];0;No;C[C@]12[C@H]3[C@H](C([O-])=O)[C@@]45CC(=C)[C@@](O)(C4)CC[C@@H]5[C@@]3(CC[C@@H]1O)OC2=O;0.304053247;1;-9.3;1
CPDQT-523;CC(C)[C@@H](C)[C@H](O[C@H]1O[C@@H](CO)[C@H](O)[C@@H](O)[C@@H]1O)[C@@H](O)[C@H](C)[C@H]1CC[C@@H]2[C@H]3COC(=O)[C@@H]4C[C@@H](O)[C@H](O)C[C@]4(C)[C@H]3CC[C@]12C;0;No;CC(C)[C@@H](C)[C@H](O[C@H]1O[C@@H](CO)[C@H](O)[C@@H](O)[C@@H]1O)[C@@H](O)[C@H](C)[C@H]1CC[C@@H]2[C@H]3COC(=O)[C@@H]4C[C@@H](O)[C@H](O)C[C@]4(C)[C@H]3CC[C@@]21C;0.276105583;1;-8.6;8
DAPHNIN;O=c1ccc2ccc(O[C@H]3O[C@@H](CO)[C@@H](O)[C@H](O)[C@@H]3O)c(O)c2o1;0;No;Oc1c2OC(=O)C=Cc2ccc1O[C@H]1O[C@@H](CO)[C@@H](O)[C@H](O)[C@@H]1O;0.256253868;1;-8.2;3
GIBBERELLIN;C=C1C[C@@]23C[C@]1(O)CC[C@@H]2[C@]12C=C[C@@H](O)[C@](C)(C(=O)O1)[C@@H]2[C@H]3C(=O)[O-];0;No;C[C@@]12[C@@H]3[C@@H](C([O-])=O)[C@]45C[C@](O)(CC[C@@H]4[C@]3(C=C[C@H]1O)OC2=O)C(=C)C5;0.399438351;1;-8.5;0
INDOL-YLACETYL-MYO-INOSITOL-ARABINOSIDE;O=C(Cc1c[nH]c2ccccc12)O[C@H]1[C@@H](O[C@@H]2OC[C@H](O)[C@@H](O)[C@H]2O)[C@@H](O)[C@@H](O)[C@@H](O)[C@@H]1O;0;No;O[C@H]1[C@H](O[C@@H]2[C@H](OC(=O)Cc3c[nH]c4ccccc34)[C@@H](O)[C@H](O)[C@H](O)[C@@H]2O)OC[C@H](O)[C@H]1O;0.159046575;1;-8.3;6
NARINGENIN-7-O-BETA-D-GLUCOSIDE;O=C1C[C@H](c2ccc(O)cc2)Oc2cc(O[C@@H]3O[C@H](CO)[C@@H](O)[C@@H](O)[C@@H]3O)cc(O)c21;0;No;OC[C@H]1O[C@@H](Oc2cc(O)c3C(=O)C[C@@H](Oc3c2)c2ccc(O)cc2)[C@@H](O)[C@H](O)[C@@H]1O;0.121431641;1;-9;4
PHLORETIN;O=C(CCc1ccc(O)cc1)c1c(O)cc(O)cc1O;0;No;Oc1cc(O)c(C(=O)CCc2ccc(O)cc2)c(O)c1;0.354360998;1;-8.7;4
R-VICIANIN;N#C[C@H](O[C@H]1O[C@@H](CO[C@@H]2OC[C@H](O)[C@@H](O)[C@@H]2O)[C@@H](O)[C@@H](O)[C@@H]1O)c1ccccc1;0;No;N#C[C@H](O[C@H]1O[C@@H](CO[C@@H]2OC[C@H](O)[C@@H](O)[C@@H]2O)[C@@H](O)[C@@H](O)[C@@H]1O)c1ccccc1;0.14592433;1;-8.8;6
2-METHYL-ACETO-ACETYL-COA;CC(=O)[C@@H](C)C(=O)SCCNC(=O)CCNC(=O)[C@H](O)C(C)(C)CO[P@](=O)([O-])O[P@](=O)([O-])OC[C@H]1O[C@H](n2cnc3c(N)ncnc32)[C@@H](O)[C@H]1OP(=O)([O-])[O-];1;No;CC(=O)[C@@H](C)C(=O)SCCNC(=O)CCNC(=O)[C@H](O)C(C)(C)CO[P@@]([O-])(=O)O[P@@]([O-])(=O)OC[C@H]1O[C@@H]([C@@H](O)[C@H]1OP([O-])([O-])=O)[n]1c[n]c2c(N)[n]c[n]c12;0.329455674;1;-8.6;22
2-METHYL-BUTYRYL-COA;CC[C@@H](C)C(=O)SCCNC(=O)CCNC(=O)[C@@H](O)C(C)(C)CO[P@](=O)([O-])O[P@@](=O)([O-])OC[C@H]1O[C@H](n2cnc3c(N)ncnc32)[C@@H](O)[C@H]1OP(=O)([O-])[O-];1;No;C[C@H](CC)C(=O)SCCNC(=O)CCNC(=O)[C@@H](O)C(C)(C)CO[P@@]([O-])(=O)O[P@]([O-])(=O)OC[C@H]1O[C@@H]([C@@H](O)[C@H]1OP([O-])([O-])=O)[n]1c[n]c2c(N)[n]c[n]c12;0.260368288;1;-8.4;22
2-PHOSPHO-4-CYTIDINE-5-DIPHOSPHO-2-C-MET;C[C@](CO)(OP(=O)([O-])[O-])[C@H](O)CO[P@@](=O)([O-])O[P@@](=O)([O-])OC[C@H]1O[C@H](n2ccc(N)nc2=O)[C@@H](O)[C@@H]1O;1;No;C[C@](CO)(OP([O-])([O-])=O)[C@H](O)CO[P@]([O-])(=O)O[P@]([O-])(=O)OC[C@H]1O[C@@H]([C@@H](O)[C@@H]1O)N1C=CC(N)=NC1=O;0.163231164;1;-9.1;13
2-PHOSPHO-4-CYTIDINE-5-DIPHOSPHO-2-C-MET;C[C@](CO)(OP(=O)([O-])[O-])[C@H](O)CO[P@@](=O)([O-])O[P@@](=O)([O-])OC[C@H]1O[C@H](n2ccc(N)nc2=O)[C@@H](O)[C@@H]1O;1;No;C[C@](CO)(OP([O-])([O-])=O)[C@H](O)CO[P@]([O-])(=O)O[P@]([O-])(=O)OC[C@H]1O[C@@H]([C@@H](O)[C@@H]1O)N1C=CC(N)=NC1=O;0.163231164;1;-8.3;13
3-HYDROXY-PROPIONYL-COA;CC(C)(CO[P@@](=O)([O-])O[P@](=O)([O-])OC[C@@H]1O[C@H](n2cnc3c(N)ncnc32)[C@H](O)[C@H]1OP(=O)([O-])[O-])[C@@H](O)C(=O)NCCC(=O)NCCSC(=O)CCO;1;No;CC(C)(CO[P@]([O-])(=O)O[P@@]([O-])(=O)OC[C@@H]1O[C@@H]([C@H](O)[C@H]1OP([O-])([O-])=O)[n]1c[n]c2c(N)[n]c[n]c12)[C@@H](O)C(=O)NCCC(=O)NCCSC(=O)CCO;0.249004379;1;-9;22
4-CYTIDINE-5-DIPHOSPHO-2-C;C[C@@](O)(CO)[C@@H](O)CO[P@@](=O)([O-])O[P@@](=O)([O-])OC[C@@H]1O[C@@H](n2ccc(N)nc2=O)[C@@H](O)[C@@H]1O;1;No;C[C@@](O)(CO)[C@@H](O)CO[P@]([O-])(=O)O[P@]([O-])(=O)OC[C@@H]1O[C@H]([C@@H](O)[C@@H]1O)N1C=CC(N)=NC1=O;0.067008205;1;-8.6;11
ACETYL-COA;CC(=O)SCCNC(=O)CCNC(=O)[C@@H](O)C(C)(C)CO[P@@](=O)([O-])O[P@@](=O)([O-])OC[C@@H]1O[C@@H](n2cnc3c(N)ncnc32)[C@H](O)[C@@H]1OP(=O)([O-])[O-];1;Yes;CC(=O)SCCNC(=O)CCNC(=O)[C@@H](O)C(C)(C)CO[P@]([O-])(=O)O[P@]([O-])(=O)OC[C@@H]1O[C@H]([C@H](O)[C@@H]1OP([O-])([O-])=O)[n]1c[n]c2c(N)[n]c[n]c12;0.240917698;1;-8.5;20
ACRYLYL-COA;C=CC(=O)SCCNC(=O)CCNC(=O)[C@@H](O)C(C)(C)CO[P@](=O)([O-])O[P@@](=O)([O-])OC[C@H]1O[C@H](n2cnc3c(N)ncnc32)[C@@H](O)[C@@H]1OP(=O)([O-])[O-];1;No;CC(C)(CO[P@@]([O-])(=O)O[P@]([O-])(=O)OC[C@H]1O[C@@H]([C@@H](O)[C@@H]1OP([O-])([O-])=O)[n]1c[n]c2c(N)[n]c[n]c12)[C@H](O)C(=O)NCCC(=O)NCCSC(=O)C=C;0.158995748;1;-8.1;21
ADP-D-GLUCOSE;Nc1ncnc2c1ncn2[C@@H]1O[C@@H](CO[P@@](=O)([O-])O[P@](=O)([O-])O[C@@H]2O[C@@H](CO)[C@@H](O)[C@@H](O)[C@@H]2O)[C@@H](O)[C@@H]1O;1;No;Nc1[n]c[n]c2c1[n]c[n]2[C@@H]1O[C@@H](CO[P@]([O-])(=O)O[P@@]([O-])(=O)O[C@@H]2O[C@@H](CO)[C@@H](O)[C@@H](O)[C@@H]2O)[C@@H](O)[C@@H]1O;0.161808565;1;-9;9
BENZOYLCOA;CC(C)(CO[P@](=O)([O-])O[P@](=O)([O-])OC[C@@H]1O[C@@H](n2cnc3c(N)ncnc32)[C@H](O)[C@@H]1OP(=O)([O-])[O-])[C@@H](O)C(=O)NCCC(=O)NCCSC(=O)c1ccccc1;1;No;CC(C)(CO[P@@]([O-])(=O)O[P@@]([O-])(=O)OC[C@@H]1O[C@H]([C@H](O)[C@@H]1OP([O-])([O-])=O)[n]1c[n]c2c(N)[n]c[n]c12)[C@@H](O)C(=O)NCCC(=O)NCCSC(=O)c1ccccc1;0.20553939;1;-8.1;21
BENZOYLCOA;CC(C)(CO[P@](=O)([O-])O[P@](=O)([O-])OC[C@@H]1O[C@@H](n2cnc3c(N)ncnc32)[C@H](O)[C@@H]1OP(=O)([O-])[O-])[C@@H](O)C(=O)NCCC(=O)NCCSC(=O)c1ccccc1;1;No;CC(C)(CO[P@@]([O-])(=O)O[P@@]([O-])(=O)OC[C@@H]1O[C@H]([C@H](O)[C@@H]1OP([O-])([O-])=O)[n]1c[n]c2c(N)[n]c[n]c12)[C@@H](O)C(=O)NCCC(=O)NCCSC(=O)c1ccccc1;0.20553939;1;-9.5;21
CO-A;CC(C)(CO[P@@](=O)([O-])O[P@@](=O)([O-])OC[C@@H]1O[C@H](n2cnc3c(N)ncnc32)[C@H](O)[C@H]1OP(=O)([O-])[O-])[C@@H](O)C(=O)NCCC(=O)NCCS;1;No;CC(C)(CO[P@]([O-])(=O)O[P@]([O-])(=O)OC[C@@H]1O[C@@H]([C@H](O)[C@H]1OP([O-])([O-])=O)[n]1c[n]c2c(N)[n]c[n]c12)[C@@H](O)C(=O)NCCC(=O)NCCS;0.082910858;1;-8.4;18
CO-A;CC(C)(CO[P@@](=O)([O-])O[P@@](=O)([O-])OC[C@@H]1O[C@H](n2cnc3c(N)ncnc32)[C@H](O)[C@H]1OP(=O)([O-])[O-])[C@@H](O)C(=O)NCCC(=O)NCCS;1;No;CC(C)(CO[P@]([O-])(=O)O[P@]([O-])(=O)OC[C@@H]1O[C@@H]([C@H](O)[C@H]1OP([O-])([O-])=O)[n]1c[n]c2c(N)[n]c[n]c12)[C@@H](O)C(=O)NCCC(=O)NCCS;0.082910858;1;-8.8;18
CPD-10269;CCCCCC/C=C/CCCCCCCC(=O)SCCNC(=O)CCNC(=O)[C@H](O)C(C)(C)CO[P@](=O)([O-])O[P@](=O)([O-])OC[C@H]1O[C@H](n2cnc3c(N)ncnc32)[C@@H](O)[C@@H]1OP(=O)([O-])[O-];1;No;CCCCCC/C=C/CCCCCCCC(=O)SCCNC(=O)CCNC(=O)[C@H](O)C(C)(C)CO[P@@]([O-])(=O)O[P@@]([O-])(=O)OC[C@H]1O[C@@H]([C@@H](O)[C@@H]1OP([O-])([O-])=O)[n]1c[n]c2c(N)[n]c[n]c12;0.268150657;1;-8.2;WARNING:
CPD-10516;CC(C)(CO[P@@](=O)(O)O[P@@](=O)(O)OC[C@@H]1O[C@@H](n2cnc3c(N)ncnc32)[C@H](O)[C@H]1OP(=O)(O)O)[C@H](O)C(=O)NCCC(=O)NCCSC(=O)/C=C\Cc1c[nH]c2ccccc12;1;No;CC(C)(CO[P@](O)(=O)O[P@](O)(=O)OC[C@@H]1O[C@H]([C@H](O)[C@H]1OP(O)(O)=O)[n]1c[n]c2c(N)[n]c[n]c12)[C@H](O)C(=O)NCCC(=O)NCCSC(=O)/C=C\Cc1c[nH]c2ccccc12;0.294768333;1;-9.2;23
CPD-10517;CC(C)(CO[P@](=O)(O)O[P@@](=O)(O)OC[C@H]1O[C@H](n2cnc3c(N)ncnc32)[C@@H](O)[C@H]1OP(=O)(O)O)[C@@H](O)C(=O)NCCC(=O)NCCSC(=O)C[C@H](O)Cc1c[nH]c2ccccc12;1;No;CC(C)(CO[P@@](O)(=O)O[P@](O)(=O)OC[C@H]1O[C@@H]([C@@H](O)[C@H]1OP(O)(O)=O)[n]1c[n]c2c(N)[n]c[n]c12)[C@@H](O)C(=O)NCCC(=O)NCCSC(=O)C[C@H](O)Cc1c[nH]c2ccccc12;0.220136628;1;-9.5;24
CPD-10518;CC(C)(CO[P@@](=O)(O)O[P@@](=O)(O)OC[C@@H]1O[C@H](n2cnc3c(N)ncnc32)[C@H](O)[C@H]1OP(=O)(O)O)[C@@H](O)C(=O)NCCC(=O)NCCSC(=O)CC(=O)Cc1c[nH]c2ccccc12;1;No;CC(C)(CO[P@](O)(=O)O[P@](O)(=O)OC[C@@H]1O[C@@H]([C@H](O)[C@H]1OP(O)(O)=O)[n]1c[n]c2c(N)[n]c[n]c12)[C@@H](O)C(=O)NCCC(=O)NCCSC(=O)CC(=O)Cc1c[nH]c2ccccc12;0.23712942;1;-9.8;24
CPD-10519;CC(C)(CO[P@](=O)(O)O[P@](=O)(O)OC[C@H]1O[C@H](n2cnc3c(N)ncnc32)[C@@H](O)[C@@H]1OP(=O)(O)O)[C@@H](O)C(=O)NCCC(=O)NCCSC(=O)C[C@@H]1CN[C@@H]2CCCC[C@@H]12;1;No;CC(C)(CO[P@@](O)(=O)O[P@@](O)(=O)OC[C@H]1O[C@@H]([C@@H](O)[C@@H]1OP(O)(O)=O)[n]1c[n]c2c(N)[n]c[n]c12)[C@@H](O)C(=O)NCCC(=O)NCCSC(=O)C[C@@H]1CN[C@@H]2CCCC[C@@H]12;0.203307211;1;-9.1;22
CPD-10542;C[C@@H]1O[C@H](O[P@@](=O)([O-])O[P@@](=O)([O-])OC[C@H]2O[C@@H](n3ccc(=O)[nH]c3=O)[C@@H](O)[C@H]2O)[C@H](O)[C@@H](O)[C@H]1O;1;No;C[C@@H]1O[C@H](O[P@]([O-])(=O)O[P@]([O-])(=O)OC[C@H]2O[C@H]([C@@H](O)[C@H]2O)N2C=CC(=O)NC2=O)[C@H](O)[C@@H](O)[C@H]1O;0.126352504;1;-9.8;8
CPD-10600;CC(C)(CO[P@](=O)([O-])O[P@](=O)([O-])OC[C@H]1O[C@H](n2cnc3c(N)ncnc32)[C@@H](O)[C@H]1OP(=O)([O-])[O-])[C@@H](O)C(=O)NCCC(=O)NCCSC(=O)CC(=O)c1ccc(O)cc1;1;No;CC(C)(CO[P@@]([O-])(=O)O[P@@]([O-])(=O)OC[C@H]1O[C@@H]([C@@H](O)[C@H]1OP([O-])([O-])=O)[n]1c[n]c2c(N)[n]c[n]c12)[C@@H](O)C(=O)NCCC(=O)NCCSC(=O)CC(=O)c1ccc(O)cc1;0.322791904;1;-8.8;23
CPD-1083;C/C=C(/C)C(=O)SCCNC(=O)CCNC(=O)[C@@H](O)C(C)(C)CO[P@](=O)([O-])O[P@](=O)([O-])OC[C@@H]1O[C@@H](n2cnc3c(N)ncnc32)[C@H](O)[C@@H]1OP(=O)([O-])[O-];1;No;C/C(=C/C)/C(=O)SCCNC(=O)CCNC(=O)[C@@H](O)C(C)(C)CO[P@@]([O-])(=O)O[P@@]([O-])(=O)OC[C@@H]1O[C@H]([C@H](O)[C@@H]1OP([O-])([O-])=O)[n]1c[n]c2c(N)[n]c[n]c12;0.388717026;1;-8.2;21
CPD-11519;CC/C=C/C[C@H]1C(=O)CC[C@@H]1CCCCC[C@@H](O)CC(=O)SCCNC(=O)CCNC(=O)[C@H](O)C(C)(C)CO[P@@](=O)([O-])O[P@@](=O)([O-])OC[C@H]1O[C@H](n2cnc3c(N)ncnc32)[C@@H](O)[C@@H]1OP(=O)([O-])[O-];1;No;CC/C=C/C[C@@H]1[C@@H](CCCCC[C@@H](O)CC(=O)SCCNC(=O)CCNC(=O)[C@H](O)C(C)(C)CO[P@]([O-])(=O)O[P@]([O-])(=O)OC[C@H]2O[C@@H]([C@@H](O)[C@@H]2OP([O-])([O-])=O)[n]2c[n]c3c(N)[n]c[n]c23)CCC1=O;0.276324123;1;-9;31
CPD-11520;CC/C=C\C[C@H]1C(=O)CC[C@@H]1CCCCCC(=O)CC(=O)SCCNC(=O)CCNC(=O)[C@@H](O)C(C)(C)CO[P@](=O)([O-])O[P@@](=O)([O-])OC[C@H]1O[C@H](n2cnc3c(N)ncnc32)[C@@H](O)[C@@H]1OP(=O)([O-])[O-];1;No;CC/C=C\C[C@@H]1[C@@H](CCCCCC(=O)CC(=O)SCCNC(=O)CCNC(=O)[C@@H](O)C(C)(C)CO[P@@]([O-])(=O)O[P@]([O-])(=O)OC[C@H]2O[C@@H]([C@@H](O)[C@@H]2OP([O-])([O-])=O)[n]2c[n]c3c(N)[n]c[n]c23)CCC1=O;0.144153133;1;-9.1;31
CPD-11521;CC/C=C/C[C@@H]1C(=O)CC[C@@H]1CCCCCC(=O)SCCNC(=O)CCNC(=O)[C@@H](O)C(C)(C)CO[P@](=O)([O-])O[P@](=O)([O-])OC[C@@H]1O[C@@H](n2cnc3c(N)ncnc32)[C@H](O)[C@@H]1OP(=O)([O-])[O-];1;No;CC/C=C/C[C@H]1[C@@H](CCCCCC(=O)SCCNC(=O)CCNC(=O)[C@@H](O)C(C)(C)CO[P@@]([O-])(=O)O[P@@]([O-])(=O)OC[C@@H]2O[C@H]([C@H](O)[C@@H]2OP([O-])([O-])=O)[n]2c[n]c3c(N)[n]c[n]c23)CCC1=O;0.144575194;1;-8.7;29
CPD-11522;CC/C=C/C[C@H]1C(=O)CC[C@@H]1CCC/C=C\C(=O)SCCNC(=O)CCNC(=O)[C@@H](O)C(C)(C)CO[P@@](=O)([O-])O[P@](=O)([O-])OC[C@@H]1O[C@@H](n2cnc3c(N)ncnc32)[C@H](O)[C@@H]1OP(=O)([O-])[O-];1;No;CC/C=C/C[C@@H]1[C@@H](CCC/C=C\C(=O)SCCNC(=O)CCNC(=O)[C@@H](O)C(C)(C)CO[P@]([O-])(=O)O[P@@]([O-])(=O)OC[C@@H]2O[C@H]([C@H](O)[C@@H]2OP([O-])([O-])=O)[n]2c[n]c3c(N)[n]c[n]c23)CCC1=O;0.238585725;1;-9.2;28
CPD-11523;CC/C=C/C[C@@H]1C(=O)CC[C@H]1CCC[C@H](O)CC(=O)SCCNC(=O)CCNC(=O)[C@@H](O)C(C)(C)CO[P@@](=O)([O-])O[P@@](=O)([O-])OC[C@@H]1O[C@@H](n2cnc3c(N)ncnc32)[C@H](O)[C@@H]1OP(=O)([O-])[O-];1;No;CC/C=C/C[C@H]1[C@H](CCC[C@H](O)CC(=O)SCCNC(=O)CCNC(=O)[C@@H](O)C(C)(C)CO[P@]([O-])(=O)O[P@]([O-])(=O)OC[C@@H]2O[C@H]([C@H](O)[C@@H]2OP([O-])([O-])=O)[n]2c[n]c3c(N)[n]c[n]c23)CCC1=O;0.29967615;1;-8.9;29
CPD-11525;CC/C=C/C[C@H]1C(=O)CC[C@@H]1CCCC(=O)SCCNC(=O)CCNC(=O)[C@H](O)C(C)(C)CO[P@@](=O)([O-])O[P@](=O)([O-])OC[C@H]1O[C@H](n2cnc3c(N)ncnc32)[C@@H](O)[C@H]1OP(=O)([O-])[O-];1;No;CC/C=C/C[C@@H]1[C@H](CCC1=O)CCCC(=O)SCCNC(=O)CCNC(=O)[C@H](O)C(C)(C)CO[P@]([O-])(=O)O[P@@]([O-])(=O)OC[C@H]1O[C@@H]([C@@H](O)[C@H]1OP([O-])([O-])=O)[n]1c[n]c2c(N)[n]c[n]c12;0.326388747;1;-8.2;27
CPD-11525;CC/C=C/C[C@H]1C(=O)CC[C@@H]1CCCC(=O)SCCNC(=O)CCNC(=O)[C@H](O)C(C)(C)CO[P@@](=O)([O-])O[P@](=O)([O-])OC[C@H]1O[C@H](n2cnc3c(N)ncnc32)[C@@H](O)[C@H]1OP(=O)([O-])[O-];1;No;CC/C=C/C[C@@H]1[C@H](CCC1=O)CCCC(=O)SCCNC(=O)CCNC(=O)[C@H](O)C(C)(C)CO[P@]([O-])(=O)O[P@@]([O-])(=O)OC[C@H]1O[C@@H]([C@@H](O)[C@H]1OP([O-])([O-])=O)[n]1c[n]c2c(N)[n]c[n]c12;0.326388747;1;-8.7;27
CPD-11526;CC/C=C/C[C@H]1C(=O)CC[C@@H]1C/C=C\C(=O)SCCNC(=O)CCNC(=O)[C@@H](O)C(C)(C)CO[P@@](=O)([O-])O[P@](=O)([O-])OC[C@H]1O[C@H](n2cnc3c(N)ncnc32)[C@@H](O)[C@H]1OP(=O)([O-])[O-];1;No;CC/C=C/C[C@@H]1[C@@H](C/C=C\C(=O)SCCNC(=O)CCNC(=O)[C@@H](O)C(C)(C)CO[P@]([O-])(=O)O[P@@]([O-])(=O)OC[C@H]2O[C@@H]([C@@H](O)[C@H]2OP([O-])([O-])=O)[n]2c[n]c3c(N)[n]c[n]c23)CCC1=O;0.195311517;1;-8.7;26
CPD-11527;CC/C=C/C[C@H]1C(=O)CC[C@@H]1C[C@@H](O)CC(=O)SCCNC(=O)CCNC(=O)[C@@H](O)C(C)(C)CO[P@](=O)([O-])O[P@@](=O)([O-])OC[C@H]1O[C@H](n2cnc3c(N)ncnc32)[C@@H](O)[C@@H]1OP(=O)([O-])[O-];1;No;CC/C=C/C[C@@H]1[C@@H](C[C@@H](O)CC(=O)SCCNC(=O)CCNC(=O)[C@@H](O)C(C)(C)CO[P@@]([O-])(=O)O[P@]([O-])(=O)OC[C@H]2O[C@@H]([C@@H](O)[C@@H]2OP([O-])([O-])=O)[n]2c[n]c3c(N)[n]c[n]c23)CCC1=O;0.21880959;1;-9.5;27
CPD-11528;CC/C=C\C[C@@H]1C(=O)CC[C@@H]1CC(=O)CC(=O)SCCNC(=O)CCNC(=O)[C@H](O)C(C)(C)CO[P@@](=O)([O-])O[P@@](=O)([O-])OC[C@@H]1O[C@H](n2cnc3c(N)ncnc32)[C@@H](O)[C@@H]1OP(=O)([O-])[O-];1;No;CC/C=C\C[C@H]1[C@@H](CC(=O)CC(=O)SCCNC(=O)CCNC(=O)[C@H](O)C(C)(C)CO[P@]([O-])(=O)O[P@]([O-])(=O)OC[C@@H]2O[C@@H]([C@@H](O)[C@@H]2OP([O-])([O-])=O)[n]2c[n]c3c(N)[n]c[n]c23)CCC1=O;0.302844226;1;-9.1;27
CPD-11529;CC/C=C/C[C@@H]1C(=O)CC[C@H]1CC(=O)SCCNC(=O)CCNC(=O)[C@H](O)C(C)(C)CO[P@](=O)([O-])O[P@@](=O)([O-])OC[C@H]1O[C@H](n2cnc3c(N)ncnc32)[C@@H](O)[C@@H]1OP(=O)([O-])[O-];1;No;CC/C=C/C[C@H]1[C@H](CC(=O)SCCNC(=O)CCNC(=O)[C@H](O)C(C)(C)CO[P@@]([O-])(=O)O[P@]([O-])(=O)OC[C@H]2O[C@@H]([C@@H](O)[C@@H]2OP([O-])([O-])=O)[n]2c[n]c3c(N)[n]c[n]c23)CCC1=O;0.231740475;1;-8.5;25
CPD-11540;C[C@H]1O[C@H](O[P@](=O)([O-])O[P@](=O)([O-])OC[C@@H]2O[C@@H](n3ccc(=O)[nH]c3=O)[C@H](O)[C@H]2O)[C@@H](O)[C@@H](O)C1=O;1;No;C[C@H]1O[C@H](O[P@@]([O-])(=O)O[P@@]([O-])(=O)OC[C@@H]2O[C@H]([C@H](O)[C@H]2O)N2C=CC(=O)NC2=O)[C@@H](O)[C@@H](O)C1=O;0.119408667;1;-9.7;8
CPD-11881;COc1cc([C@H](O)CC(=O)SCCNC(=O)CCNC(=O)[C@@H](O)C(C)(C)CO[P@@](=O)([O-])O[P@](=O)([O-])OC[C@@H]2O[C@@H](n3cnc4c(N)ncnc43)[C@@H](O)[C@H]2OP(=O)([O-])[O-])ccc1O;1;No;COc1cc(ccc1O)[C@H](O)CC(=O)SCCNC(=O)CCNC(=O)[C@@H](O)C(C)(C)CO[P@]([O-])(=O)O[P@@]([O-])(=O)OC[C@@H]1O[C@H]([C@@H](O)[C@H]1OP([O-])([O-])=O)[n]1c[n]c2c(N)[n]c[n]c12;0.332181245;1;-9.4;24
CPD-12112;CC(C)(CO[P@](=O)([O-])O[P@](=O)([O-])OC[C@H]1O[C@H](n2cnc3c(N)ncnc32)[C@@H](O)[C@@H]1OP(=O)([O-])[O-])[C@@H](O)C(=O)NCCC(=O)NCCSC(=O)c1ccccc1O;1;No;CC(C)(CO[P@@]([O-])(=O)O[P@@]([O-])(=O)OC[C@H]1O[C@@H]([C@@H](O)[C@@H]1OP([O-])([O-])=O)[n]1c[n]c2c(N)[n]c[n]c12)[C@@H](O)C(=O)NCCC(=O)NCCSC(=O)c1ccccc1O;0.196999997;1;-8.9;21
CPD-12173;C[C@H](CO)C(=O)SCCNC(=O)CCNC(=O)[C@H](O)C(C)(C)CO[P@](=O)([O-])O[P@@](=O)([O-])OC[C@@H]1O[C@@H](n2cnc3c(N)ncnc32)[C@H](O)[C@@H]1OP(=O)([O-])[O-];1;No;C[C@H](CO)C(=O)SCCNC(=O)CCNC(=O)[C@H](O)C(C)(C)CO[P@@]([O-])(=O)O[P@]([O-])(=O)OC[C@@H]1O[C@H]([C@H](O)[C@@H]1OP([O-])([O-])=O)[n]1c[n]c2c(N)[n]c[n]c12;0.33797124;1;-8.7;22
CPD-12180;COc1cc(/C=C/C(=O)CC(=O)SCCNC(=O)CCNC(=O)[C@H](O)C(C)(C)CO[P@](=O)([O-])O[P@@](=O)([O-])OC[C@@H]2O[C@H](n3cnc4c(N)ncnc43)[C@@H](O)[C@@H]2OP(=O)([O-])[O-])ccc1O;1;No;COc1cc(ccc1O)/C=C/C(=O)CC(=O)SCCNC(=O)CCNC(=O)[C@H](O)C(C)(C)CO[P@@]([O-])(=O)O[P@]([O-])(=O)OC[C@@H]1O[C@@H]([C@@H](O)[C@@H]1OP([O-])([O-])=O)[n]1c[n]c2c(N)[n]c[n]c12;0.418082774;1;-8;25
CPD-12199;CC(C)(CO[P@](=O)([O-])O[P@@](=O)([O-])OC[C@H]1O[C@H](n2cnc3c(N)ncnc32)[C@@H](O)[C@@H]1OP(=O)([O-])[O-])[C@H](O)C(=O)NCCC(=O)NCCSC(=O)C[C@@H](O)c1ccc(O)cc1;1;No;CC(C)(CO[P@@]([O-])(=O)O[P@]([O-])(=O)OC[C@H]1O[C@@H]([C@@H](O)[C@@H]1OP([O-])([O-])=O)[n]1c[n]c2c(N)[n]c[n]c12)[C@H](O)C(=O)NCCC(=O)NCCSC(=O)C[C@@H](O)c1ccc(O)cc1;0.120013766;1;-9;23
CPD-12575;O=c1ccn([C@H]2O[C@H](CO[P@@](=O)([O-])O[P@@](=O)([O-])O[C@@H]3O[C@@H](CO)[C@@H](O)[C@H](O)[C@H]3O)[C@H](O)[C@H]2O)c(=O)[nH]1;1;No;[O-][P@@](=O)(O[C@@H]1O[C@@H](CO)[C@@H](O)[C@H](O)[C@H]1O)O[P@@]([O-])(=O)OC[C@H]1O[C@@H]([C@H](O)[C@H]1O)N1C=CC(=O)NC1=O;0.172854841;1;-9.4;9
CPD-12575;O=c1ccn([C@H]2O[C@H](CO[P@@](=O)([O-])O[P@@](=O)([O-])O[C@@H]3O[C@@H](CO)[C@@H](O)[C@H](O)[C@H]3O)[C@H](O)[C@H]2O)c(=O)[nH]1;1;No;[O-][P@@](=O)(O[C@@H]1O[C@@H](CO)[C@@H](O)[C@H](O)[C@H]1O)O[P@@]([O-])(=O)OC[C@H]1O[C@@H]([C@H](O)[C@H]1O)N1C=CC(=O)NC1=O;0.172854841;1;-8.8;9
CPD-13118;C[C@H]1O[C@H](O[P@@](=O)([O-])O[P@](=O)([O-])OC[C@@H]2O[C@@H](n3cnc4c(=O)[nH]c(N)nc43)[C@@H](O)[C@@H]2O)[C@H](O)[C@@H](O)[C@@H]1O;1;No;C[C@H]1O[C@H](O[P@]([O-])(=O)O[P@@]([O-])(=O)OC[C@@H]2O[C@H]([C@@H](O)[C@@H]2O)[n]2c[n]c3c2N=C(N)NC3=O)[C@H](O)[C@@H](O)[C@@H]1O;0.206722334;1;-8.9;8
CPD-13328;COc1cc(/C=C/C(=O)SCCNC(=O)CCNC(=O)[C@@H](O)C(C)(C)CO[P@](=O)([O-])O[P@@](=O)([O-])OC[C@@H]2O[C@@H](n3cnc4c(N)ncnc43)[C@H](O)[C@H]2OP(=O)([O-])[O-])c(O)cc1O;1;No;COc1cc(/C=C/C(=O)SCCNC(=O)CCNC(=O)[C@@H](O)C(C)(C)CO[P@@]([O-])(=O)O[P@]([O-])(=O)OC[C@@H]2O[C@H]([C@H](O)[C@H]2OP([O-])([O-])=O)[n]2c[n]c3c(N)[n]c[n]c23)c(O)cc1O;0.224342287;1;-9.8;23
CPD-13713;Nc1ncnc2c1ncn2[C@@H]1O[C@@H](CO[P@](=O)([O-])O[Se](=O)(=O)O)[C@H](O)[C@H]1O;1;No;Nc1[n]c[n]c2c1[n]c[n]2[C@@H]1O[C@@H](CO[P@@]([O-])(=O)O[Se](O)(=O)=O)[C@H](O)[C@H]1O;0.195289209;1;-8.1;6
CPD-14276;CCCCCCCCCCCCCCCCCCC[C@H](O)CC(=O)SCCNC(=O)CCNC(=O)[C@H](O)C(C)(C)CO[P@@](=O)([O-])O[P@@](=O)([O-])OC[C@@H]1O[C@H](n2cnc3c(N)ncnc32)[C@@H](O)[C@@H]1OP(=O)([O-])[O-];1;No;CCCCCCCCCCCCCCCCCCC[C@H](O)CC(=O)SCCNC(=O)CCNC(=O)[C@H](O)C(C)(C)CO[P@]([O-])(=O)O[P@]([O-])(=O)OC[C@@H]1O[C@@H]([C@@H](O)[C@@H]1OP([O-])([O-])=O)[n]1c[n]c2c(N)[n]c[n]c12;0.211007237;1;-8.3;WARNING:
CPD-15364;CCCCCC[C@@H](O)C/C=C\CCCCCCCC(=O)SCCNC(=O)CCNC(=O)[C@@H](O)C(C)(C)CO[P@@](=O)([O-])O[P@@](=O)([O-])OC[C@H]1O[C@@H](n2cnc3c(N)ncnc32)[C@H](O)[C@H]1OP(=O)([O-])[O-];1;No;CCCCCC[C@@H](O)C/C=C\CCCCCCCC(=O)SCCNC(=O)CCNC(=O)[C@@H](O)C(C)(C)CO[P@]([O-])(=O)O[P@]([O-])(=O)OC[C@H]1O[C@H]([C@H](O)[C@H]1OP([O-])([O-])=O)[n]1c[n]c2c(N)[n]c[n]c12;0.130527437;1;-8.9;WARNING:
CPD-15366;CCCCCC[C@H](O)C/C=C\CCCCCCCCCC(=O)SCCNC(=O)CCNC(=O)[C@H](O)C(C)(C)CO[P@@](=O)([O-])O[P@](=O)([O-])OC[C@@H]1O[C@@H](n2cnc3c(N)ncnc32)[C@H](O)[C@H]1OP(=O)([O-])[O-];1;No;CCCCCC[C@H](O)C/C=C\CCCCCCCCCC(=O)SCCNC(=O)CCNC(=O)[C@H](O)C(C)(C)CO[P@]([O-])(=O)O[P@@]([O-])(=O)OC[C@@H]1O[C@H]([C@H](O)[C@H]1OP([O-])([O-])=O)[n]1c[n]c2c(N)[n]c[n]c12;0.269884467;1;-8.6;WARNING:
CPD-15369;CCCCCC[C@@H](O)C/C=C\CCCCCCC[C@H](O)CC(=O)SCCNC(=O)CCNC(=O)[C@@H](O)C(C)(C)CO[P@@](=O)([O-])O[P@@](=O)([O-])OC[C@@H]1O[C@H](n2cnc3c(N)ncnc32)[C@@H](O)[C@@H]1OP(=O)([O-])[O-];1;No;CCCCCC[C@@H](O)C/C=C\CCCCCCC[C@H](O)CC(=O)SCCNC(=O)CCNC(=O)[C@@H](O)C(C)(C)CO[P@]([O-])(=O)O[P@]([O-])(=O)OC[C@@H]1O[C@@H]([C@@H](O)[C@@H]1OP([O-])([O-])=O)[n]1c[n]c2c(N)[n]c[n]c12;0.393018723;1;-8.5;WARNING:
CPD-15370;CCCCCC[C@@H](O)C/C=C\CCCCCCC/C=C\C(=O)SCCNC(=O)CCNC(=O)[C@H](O)C(C)(C)CO[P@@](=O)([O-])O[P@@](=O)([O-])OC[C@@H]1O[C@@H](n2cnc3c(N)ncnc32)[C@H](O)[C@H]1OP(=O)([O-])[O-];1;No;CCCCCC[C@@H](O)C/C=C\CCCCCCC/C=C\C(=O)SCCNC(=O)CCNC(=O)[C@H](O)C(C)(C)CO[P@]([O-])(=O)O[P@]([O-])(=O)OC[C@@H]1O[C@H]([C@H](O)[C@H]1OP([O-])([O-])=O)[n]1c[n]c2c(N)[n]c[n]c12;0.254315019;1;-8.5;WARNING:
CPD-17638;CCCCC[C@H](O)CCCCCC(=O)SCCNC(=O)CCNC(=O)[C@H](O)C(C)(C)CO[P@](=O)([O-])O[P@@](=O)([O-])OC[C@H]1O[C@H](n2cnc3c(N)ncnc32)[C@H](O)[C@H]1OP(=O)([O-])[O-];1;No;CCCCC[C@H](O)CCCCCC(=O)SCCNC(=O)CCNC(=O)[C@H](O)C(C)(C)CO[P@@]([O-])(=O)O[P@]([O-])(=O)OC[C@H]1O[C@@H]([C@H](O)[C@H]1OP([O-])([O-])=O)[n]1c[n]c2c(N)[n]c[n]c12;0.14110747;1;-8.4;30
CPD-196;CCCCCCCC(=O)SCCNC(=O)CCNC(=O)[C@H](O)C(C)(C)CO[P@@](=O)([O-])O[P@@](=O)([O-])OC[C@@H]1O[C@@H](n2cnc3c(N)ncnc32)[C@H](O)[C@H]1OP(=O)([O-])[O-];1;No;CCCCCCCC(=O)SCCNC(=O)CCNC(=O)[C@H](O)C(C)(C)CO[P@]([O-])(=O)O[P@]([O-])(=O)OC[C@@H]1O[C@H]([C@H](O)[C@H]1OP([O-])([O-])=O)[n]1c[n]c2c(N)[n]c[n]c12;0.11703822;1;-8.3;26
CPD-201;CC(C)(CO[P@](=O)([O-])O[P@@](=O)([O-])OC[C@H]1O[C@H](n2cnc3c(N)ncnc32)[C@@H](O)[C@H]1OP(=O)([O-])[O-])[C@@H](O)C(=O)NCCC(=O)NCCSC(=O)c1ccc(O)cc1;1;No;CC(C)(CO[P@@]([O-])(=O)O[P@]([O-])(=O)OC[C@H]1O[C@@H]([C@@H](O)[C@H]1OP([O-])([O-])=O)[n]1c[n]c2c(N)[n]c[n]c12)[C@@H](O)C(=O)NCCC(=O)NCCSC(=O)c1ccc(O)cc1;0.201750994;1;-8.4;21
CPD-264;CC(C)(CO[P@@](=O)([O-])O[P@@](=O)([O-])OC[C@H]1O[C@H](n2cnc3c(N)ncnc32)[C@@H](O)[C@@H]1OP(=O)([O-])[O-])[C@H](O)C(=O)NCCC(=O)NCCSC(=O)c1cccc(O)c1;1;No;CC(C)(CO[P@]([O-])(=O)O[P@]([O-])(=O)OC[C@H]1O[C@@H]([C@@H](O)[C@@H]1OP([O-])([O-])=O)[n]1c[n]c2c(N)[n]c[n]c12)[C@H](O)C(=O)NCCC(=O)NCCSC(=O)c1cc(O)ccc1;0.131178021;1;-8.5;21
CPD-4202;C/C(=C/CNc1ncnc2c1ncn2[C@H]1O[C@H](CO[P@@](=O)([O-])O[P@](=O)([O-])O[P@@](=O)([O-])O)[C@@H](O)[C@@H]1O)CO;1;No;C/C(/CO)=C/CNc1[n]c[n]c2c1[n]c[n]2[C@H]1O[C@H](CO[P@]([O-])(=O)O[P@@]([O-])(=O)O[P@@]([O-])(O)=O)[C@@H](O)[C@@H]1O;0.254035443;1;-8.3;12
CPD-4208;C/C(=C\CNc1ncnc2c1ncn2[C@H]1O[C@@H](CO)[C@@H](O)[C@@H]1O)CO;1;No;C/C(/CO)=C\CNc1[n]c[n]c2c1[n]c[n]2[C@H]1O[C@@H](CO)[C@@H](O)[C@@H]1O;0.233519733;1;-8.1;6
CPD-4616;C[C@H](CO)CCNc1ncnc2c1ncn2[C@H]1O[C@@H](CO)[C@@H](O)[C@H](O)[C@H]1O;1;No;C[C@@H](CCNc1[n]c[n]c2c1[n]c[n]2[C@H]1O[C@@H](CO)[C@@H](O)[C@H](O)[C@H]1O)CO;0.269482791;1;-8;7
CPD-4622;C/C(=C/CNc1ncnc2c1ncn2[C@@H]1O[C@@H](CO)[C@@H](O)[C@H](O)[C@H]1O)CO[C@@H]1O[C@@H](CO)[C@H](O)[C@@H](O)[C@H]1O;1;No;C/C(/CO[C@@H]1O[C@@H](CO)[C@H](O)[C@@H](O)[C@H]1O)=C/CNc1[n]c[n]c2c1[n]c[n]2[C@@H]1O[C@@H](CO)[C@@H](O)[C@H](O)[C@H]1O;0.335413069;1;-10.2;9
CPD-513;CC(C)(CO[P@@](=O)([O-])O[P@@](=O)([O-])OC[C@@H]1O[C@@H](n2cnc3c(N)ncnc32)[C@H](O)[C@H]1OP(=O)([O-])[O-])[C@H](O)C(=O)NCCC(=O)NCCSC(=O)C[C@@H](O)c1ccccc1;1;No;CC(C)(CO[P@]([O-])(=O)O[P@]([O-])(=O)OC[C@@H]1O[C@H]([C@H](O)[C@H]1OP([O-])([O-])=O)[n]1c[n]c2c(N)[n]c[n]c12)[C@H](O)C(=O)NCCC(=O)NCCSC(=O)C[C@@H](O)c1ccccc1;0.152572826;1;-8.3;23
CPD-5922;CC(C)(CO[P@@](=O)([O-])O[P@](=O)([O-])OC[C@H]1O[C@H](n2cnc3c(N)ncnc32)[C@@H](O)[C@@H]1OP(=O)([O-])[O-])[C@@H](O)C(=O)NCCC(=O)NCCSC(=O)[C@@H](O)Cc1ccccc1;1;No;CC(C)(CO[P@]([O-])(=O)O[P@@]([O-])(=O)OC[C@H]1O[C@@H]([C@@H](O)[C@@H]1OP([O-])([O-])=O)[n]1c[n]c2c(N)[n]c[n]c12)[C@@H](O)C(=O)NCCC(=O)NCCSC(=O)[C@@H](O)Cc1ccccc1;0.134527177;1;-8.8;23
CPD-650;C[C@@H](O)CC(=O)SCCNC(=O)CCNC(=O)[C@@H](O)C(C)(C)CO[P@@](=O)([O-])O[P@](=O)([O-])OC[C@@H]1O[C@@H](n2cnc3c(N)ncnc32)[C@@H](O)[C@@H]1OP(=O)([O-])[O-];1;No;C[C@@H](O)CC(=O)SCCNC(=O)CCNC(=O)[C@@H](O)C(C)(C)CO[P@]([O-])(=O)O[P@@]([O-])(=O)OC[C@@H]1O[C@H]([C@@H](O)[C@@H]1OP([O-])([O-])=O)[n]1c[n]c2c(N)[n]c[n]c12;0.333588272;1;-8.8;22
CPD-6972;CC(C)(CO[P@@](=O)([O-])O[P@@](=O)([O-])OC[C@@H]1O[C@@H](n2cnc3c(N)ncnc32)[C@H](O)[C@H]1OP(=O)([O-])[O-])[C@H](O)C(=O)NCCC(=O)NCCSC(=O)CCC(=O)c1ccccc1C(=O)[O-];1;No;CC(C)(CO[P@]([O-])(=O)O[P@]([O-])(=O)OC[C@@H]1O[C@H]([C@H](O)[C@H]1OP([O-])([O-])=O)[n]1c[n]c2c(N)[n]c[n]c12)[C@H](O)C(=O)NCCC(=O)NCCSC(=O)CCC(=O)c1ccccc1C([O-])=O;0.175263137;1;-9.1;25
CPD-8171;CCCCCCCCCCCCCC/C=C\CCCC(=O)SCCNC(=O)CCNC(=O)[C@@H](O)C(C)(C)CO[P@](=O)([O-])O[P@@](=O)([O-])OC[C@@H]1O[C@@H](n2cnc3c(N)ncnc32)[C@H](O)[C@H]1OP(=O)([O-])[O-];1;No;CCCCCCCCCCCCCC/C=C\CCCC(=O)SCCNC(=O)CCNC(=O)[C@@H](O)C(C)(C)CO[P@@]([O-])(=O)O[P@]([O-])(=O)OC[C@@H]1O[C@H]([C@H](O)[C@H]1OP([O-])([O-])=O)[n]1c[n]c2c(N)[n]c[n]c12;0.196573704;1;-8.2;WARNING:
CPD-9207;CC(C)(CO[P@](=O)([O-])O[P@@](=O)([O-])OC[C@H]1O[C@H](n2cnc3c(N)ncnc32)[C@@H](O)[C@H]1OP(=O)([O-])[O-])[C@@H](O)C(=O)NCCC(=O)NCCSC(=O)C[C@@H]([NH3+])c1ccccc1;1;No;CC(C)(CO[P@@]([O-])(=O)O[P@]([O-])(=O)OC[C@H]1O[C@@H]([C@@H](O)[C@H]1OP([O-])([O-])=O)[n]1c[n]c2c(N)[n]c[n]c12)[C@@H](O)C(=O)NCCC(=O)NCCSC(=O)C[C@@H]([NH3+])c1ccccc1;0.263981581;1;-10;23
CPD-9772;C[N@@H+]1CCC[C@H]1CC(=O)CC(=O)SCCNC(=O)CCNC(=O)[C@H](O)C(C)(C)CO[P@](=O)([O-])O[P@@](=O)([O-])OC[C@@H]1O[C@@H](n2cnc3c(N)ncnc32)[C@H](O)[C@@H]1OP(=O)([O-])[O-];1;No;C[N@@H+]1CCC[C@H]1CC(=O)CC(=O)SCCNC(=O)CCNC(=O)[C@H](O)C(C)(C)CO[P@@]([O-])(=O)O[P@]([O-])(=O)OC[C@@H]1O[C@H]([C@H](O)[C@@H]1OP([O-])([O-])=O)[n]1c[n]c2c(N)[n]c[n]c12;0.280895352;1;-9.5;24
CPD-9965;CCCCCCCCCCCCCCCCCCCC(=O)SCCNC(=O)CCNC(=O)[C@H](O)C(C)(C)CO[P@@](=O)([O-])O[P@](=O)([O-])OC[C@@H]1O[C@H](n2cnc3c(N)ncnc32)[C@@H](O)[C@H]1OP(=O)([O-])[O-];1;No;CCCCCCCCCCCCCCCCCCCC(=O)SCCNC(=O)CCNC(=O)[C@H](O)C(C)(C)CO[P@]([O-])(=O)O[P@@]([O-])(=O)OC[C@@H]1O[C@@H]([C@@H](O)[C@H]1OP([O-])([O-])=O)[n]1c[n]c2c(N)[n]c[n]c12;0.157469839;1;-8.3;WARNING:
CPD0-2106;CCCCCC(=O)CC(=O)SCCNC(=O)CCNC(=O)[C@@H](O)C(C)(C)CO[P@](=O)([O-])O[P@@](=O)([O-])OC[C@H]1O[C@H](n2cnc3c(N)ncnc32)[C@@H](O)[C@@H]1OP(=O)([O-])[O-];1;No;CCCCCC(=O)CC(=O)SCCNC(=O)CCNC(=O)[C@@H](O)C(C)(C)CO[P@@]([O-])(=O)O[P@]([O-])(=O)OC[C@H]1O[C@@H]([C@@H](O)[C@@H]1OP([O-])([O-])=O)[n]1c[n]c2c(N)[n]c[n]c12;0.143607959;1;-8.1;26
CROTONYL-COA;C/C=C\C(=O)SCCNC(=O)CCNC(=O)[C@H](O)C(C)(C)CO[P@](=O)([O-])O[P@](=O)([O-])OC[C@H]1O[C@@H](n2cnc3c(N)ncnc32)[C@H](O)[C@@H]1OP(=O)([O-])[O-];1;No;C/C=C\C(=O)SCCNC(=O)CCNC(=O)[C@H](O)C(C)(C)CO[P@@]([O-])(=O)O[P@@]([O-])(=O)OC[C@H]1O[C@H]([C@H](O)[C@@H]1OP([O-])([O-])=O)[n]1c[n]c2c(N)[n]c[n]c12;0.410913795;1;-8.2;21
DEAMIDO-NAD;Nc1ncnc2c1ncn2[C@H]1O[C@H](CO[P@@](=O)([O-])O[P@](=O)([O-])OC[C@@H]2O[C@@H]([n+]3cccc(C(=O)[O-])c3)[C@H](O)[C@@H]2O)[C@@H](O)[C@@H]1O;1;No;Nc1[n]c[n]c2c1[n]c[n]2[C@H]1O[C@H](CO[P@]([O-])(=O)O[P@@]([O-])(=O)OC[C@@H]2O[C@H]([C@H](O)[C@@H]2O)[n+]2cc(ccc2)C([O-])=O)[C@@H](O)[C@@H]1O;0.079773881;1;-10;11
DEAMIDO-NAD;Nc1ncnc2c1ncn2[C@H]1O[C@H](CO[P@@](=O)([O-])O[P@](=O)([O-])OC[C@@H]2O[C@@H]([n+]3cccc(C(=O)[O-])c3)[C@H](O)[C@@H]2O)[C@@H](O)[C@@H]1O;1;No;Nc1[n]c[n]c2c1[n]c[n]2[C@H]1O[C@H](CO[P@]([O-])(=O)O[P@@]([O-])(=O)OC[C@@H]2O[C@H]([C@H](O)[C@@H]2O)[n+]2cc(ccc2)C([O-])=O)[C@@H](O)[C@@H]1O;0.079773881;1;-9.8;11
DEPHOSPHO-COA;CC(C)(CO[P@@](=O)([O-])O[P@@](=O)([O-])OC[C@H]1O[C@H](n2cnc3c(N)ncnc32)[C@@H](O)[C@H]1O)[C@H](O)C(=O)NCCC(=O)NCCS;1;No;CC(C)(CO[P@]([O-])(=O)O[P@]([O-])(=O)OC[C@H]1O[C@@H]([C@@H](O)[C@H]1O)[n]1c[n]c2c(N)[n]c[n]c12)[C@H](O)C(=O)NCCC(=O)NCCS;0.215521634;1;-8.7;16
DTDP-D-GLUCOSE;Cc1cn([C@H]2C[C@@H](O)[C@H](CO[P@@](=O)([O-])O[P@](=O)([O-])O[C@H]3O[C@H](CO)[C@@H](O)[C@@H](O)[C@@H]3O)O2)c(=O)[nH]c1=O;1;No;CC1=CN([C@H]2C[C@@H](O)[C@H](CO[P@]([O-])(=O)O[P@@]([O-])(=O)O[C@H]3O[C@H](CO)[C@@H](O)[C@@H](O)[C@@H]3O)O2)C(=O)NC1=O;0.210677043;1;-9.3;9
DTDP-DEOH-DEOXY-GLUCOSE;Cc1cn([C@@H]2C[C@H](O)[C@@H](CO[P@](=O)([O-])O[P@@](=O)([O-])O[C@H]3O[C@H](C)C(=O)[C@H](O)[C@@H]3O)O2)c(=O)[nH]c1=O;1;No;CC1=CN([C@@H]2C[C@H](O)[C@@H](CO[P@@]([O-])(=O)O[P@]([O-])(=O)O[C@H]3O[C@H](C)C(=O)[C@H](O)[C@@H]3O)O2)C(=O)NC1=O;0.212259248;1;-9.3;8
DTDP-RHAMNOSE;Cc1cn([C@H]2C[C@@H](O)[C@@H](CO[P@@](=O)([O-])O[P@@](=O)([O-])O[C@H]3O[C@H](C)[C@@H](O)[C@@H](O)[C@H]3O)O2)c(=O)[nH]c1=O;1;No;CC1=CN([C@H]2C[C@@H](O)[C@@H](CO[P@]([O-])(=O)O[P@]([O-])(=O)O[C@H]3O[C@H](C)[C@@H](O)[C@@H](O)[C@H]3O)O2)C(=O)NC1=O;0.354973406;1;-9.5;8
FAD;Cc1cc2nc3c(=O)[n-]c(=O)nc-3n(C[C@H](O)[C@@H](O)[C@H](O)CO[P@@](=O)([O-])O[P@](=O)([O-])OC[C@@H]3O[C@@H](n4cnc5c(N)ncnc54)[C@H](O)[C@H]3O)c2cc1C;1;No;Cc1cc2c(cc1C)N=C1C(=NC(=O)[N-]C1=O)N2C[C@H](O)[C@@H](O)[C@H](O)CO[P@]([O-])(=O)O[P@@]([O-])(=O)OC[C@@H]1O[C@H]([C@H](O)[C@H]1O)[n]1c[n]c2c(N)[n]c[n]c12;0.137082458;1;-10.5;13
FERULOYL-COA;COc1cc(/C=C/C(=O)SCCNC(=O)CCNC(=O)[C@H](O)C(C)(C)CO[P@@](=O)([O-])O[P@@](=O)([O-])OC[C@@H]2O[C@H](n3cnc4c(N)ncnc43)[C@H](O)[C@H]2OP(=O)([O-])[O-])ccc1O;1;No;COc1cc(ccc1O)/C=C/C(=O)SCCNC(=O)CCNC(=O)[C@H](O)C(C)(C)CO[P@]([O-])(=O)O[P@]([O-])(=O)OC[C@@H]1O[C@@H]([C@H](O)[C@H]1OP([O-])([O-])=O)[n]1c[n]c2c(N)[n]c[n]c12;0.292843401;1;-9.6;23
GDP-4-DEHYDRO-6-DEOXY-D-MANNOSE;C[C@@H]1O[C@@H](O[P@](=O)([O-])O[P@@](=O)([O-])OC[C@@H]2O[C@H](n3cnc4c(=O)[nH]c(N)nc43)[C@@H](O)[C@@H]2O)[C@H](O)[C@H](O)C1=O;1;No;C[C@@H]1O[C@@H](O[P@@]([O-])(=O)O[P@]([O-])(=O)OC[C@@H]2O[C@@H]([C@@H](O)[C@@H]2O)[n]2c[n]c3c2N=C(N)NC3=O)[C@H](O)[C@H](O)C1=O;0.186522678;1;-9.5;8
GDP-L-GALACTOSE;Nc1nc2c(ncn2[C@H]2O[C@H](CO[P@](=O)([O-])O[P@@](=O)([O-])O[C@@H]3O[C@H](CO)[C@@H](O)[C@H](O)[C@@H]3O)[C@H](O)[C@@H]2O)c(=O)[nH]1;1;No;NC1NC(=O)c2[n]c[n]([C@H]3O[C@H](CO[P@@]([O-])(=O)O[P@]([O-])(=O)O[C@@H]4O[C@H](CO)[C@@H](O)[C@H](O)[C@@H]4O)[C@H](O)[C@@H]3O)c2N=1;0.164951771;1;-9.6;9
GDP-MANNOSE;Nc1nc2c(ncn2[C@H]2O[C@H](CO[P@](=O)([O-])O[P@@](=O)([O-])O[C@@H]3O[C@H](CO)[C@@H](O)[C@H](O)[C@@H]3O)[C@H](O)[C@@H]2O)c(=O)[nH]1;1;No;NC1NC(=O)c2[n]c[n]([C@H]3O[C@H](CO[P@@]([O-])(=O)O[P@]([O-])(=O)O[C@@H]4O[C@H](CO)[C@@H](O)[C@H](O)[C@@H]4O)[C@H](O)[C@@H]3O)c2N=1;0.164951771;1;-8.9;9
ISOVALERYL-COA;CC(C)CC(=O)SCCNC(=O)CCNC(=O)[C@H](O)C(C)(C)CO[P@](=O)([O-])O[P@](=O)([O-])OC[C@H]1O[C@H](n2cnc3c(N)ncnc32)[C@@H](O)[C@H]1OP(=O)([O-])[O-];1;No;CC(C)CC(=O)SCCNC(=O)CCNC(=O)[C@H](O)C(C)(C)CO[P@@]([O-])(=O)O[P@@]([O-])(=O)OC[C@H]1O[C@@H]([C@@H](O)[C@H]1OP([O-])([O-])=O)[n]1c[n]c2c1[n]c[n]c2N;0.219130233;1;-8.3;22
MALONYL-COA;CC(C)(CO[P@](=O)([O-])O[P@](=O)([O-])OC[C@@H]1O[C@@H](n2cnc3c(N)ncnc32)[C@H](O)[C@H]1OP(=O)([O-])[O-])[C@@H](O)C(=O)NCCC(=O)NCCSC(=O)CC(=O)[O-];1;No;CC(C)(CO[P@@]([O-])(=O)O[P@@]([O-])(=O)OC[C@@H]1O[C@H]([C@H](O)[C@H]1OP([O-])([O-])=O)[n]1c[n]c2c(N)[n]c[n]c12)[C@@H](O)C(=O)NCCC(=O)NCCSC(=O)CC([O-])=O;0.431261778;1;-9.1;22
METHACRYLYL-COA;C=C(C)C(=O)SCCNC(=O)CCNC(=O)[C@@H](O)C(C)(C)CO[P@](=O)([O-])O[P@](=O)([O-])OC[C@H]1O[C@H](n2cnc3c(N)ncnc32)[C@@H](O)[C@@H]1OP(=O)([O-])[O-];1;No;CC(=C)C(=O)SCCNC(=O)CCNC(=O)[C@@H](O)C(C)(C)CO[P@@]([O-])(=O)O[P@@]([O-])(=O)OC[C@H]1O[C@@H]([C@@H](O)[C@@H]1OP([O-])([O-])=O)[n]1c[n]c2c(N)[n]c[n]c12;0.07187292;1;-8.1;21
N-METHYLANTHRANILOYL-COA;CNc1ccccc1C(=O)SCCNC(=O)CCNC(=O)[C@@H](O)C(C)(C)CO[P@@](=O)([O-])O[P@](=O)([O-])OC[C@H]1O[C@H](n2cnc3c(N)ncnc32)[C@@H](O)[C@H]1OP(=O)([O-])[O-];1;No;CNc1ccccc1C(=O)SCCNC(=O)CCNC(=O)[C@@H](O)C(C)(C)CO[P@]([O-])(=O)O[P@@]([O-])(=O)OC[C@H]1O[C@@H]([C@@H](O)[C@H]1OP([O-])([O-])=O)[n]1c[n]c2c(N)[n]c[n]c12;0.060828507;1;-9.3;22
NAD;NC(=O)c1ccc[n+]([C@@H]2O[C@@H](CO[P@@](=O)([O-])O[P@](=O)([O-])OC[C@H]3O[C@H](n4cnc5c(N)ncnc54)[C@@H](O)[C@@H]3O)[C@@H](O)[C@H]2O)c1;1;No;NC(=O)c1c[n+](ccc1)[C@@H]1O[C@@H](CO[P@]([O-])(=O)O[P@@]([O-])(=O)OC[C@H]2O[C@@H]([C@@H](O)[C@@H]2O)[n]2c[n]c3c2[n]c[n]c3N)[C@@H](O)[C@H]1O;0.136813477;1;-9.8;11
NAD;NC(=O)c1ccc[n+]([C@@H]2O[C@@H](CO[P@@](=O)([O-])O[P@](=O)([O-])OC[C@H]3O[C@H](n4cnc5c(N)ncnc54)[C@@H](O)[C@@H]3O)[C@@H](O)[C@H]2O)c1;1;No;NC(=O)c1c[n+](ccc1)[C@@H]1O[C@@H](CO[P@]([O-])(=O)O[P@@]([O-])(=O)OC[C@H]2O[C@@H]([C@@H](O)[C@@H]2O)[n]2c[n]c3c2[n]c[n]c3N)[C@@H](O)[C@H]1O;0.136813477;1;-9.4;11
NAD;NC(=O)c1ccc[n+]([C@@H]2O[C@@H](CO[P@@](=O)([O-])O[P@](=O)([O-])OC[C@H]3O[C@H](n4cnc5c(N)ncnc54)[C@@H](O)[C@@H]3O)[C@@H](O)[C@H]2O)c1;1;No;NC(=O)c1c[n+](ccc1)[C@@H]1O[C@@H](CO[P@]([O-])(=O)O[P@@]([O-])(=O)OC[C@H]2O[C@@H]([C@@H](O)[C@@H]2O)[n]2c[n]c3c2[n]c[n]c3N)[C@@H](O)[C@H]1O;0.136813477;1;-9.7;11
NAD;NC(=O)c1ccc[n+]([C@@H]2O[C@@H](CO[P@@](=O)([O-])O[P@](=O)([O-])OC[C@H]3O[C@H](n4cnc5c(N)ncnc54)[C@@H](O)[C@@H]3O)[C@@H](O)[C@H]2O)c1;1;No;NC(=O)c1c[n+](ccc1)[C@@H]1O[C@@H](CO[P@]([O-])(=O)O[P@@]([O-])(=O)OC[C@H]2O[C@@H]([C@@H](O)[C@@H]2O)[n]2c[n]c3c2[n]c[n]c3N)[C@@H](O)[C@H]1O;0.136813477;1;-10.3;11
NADH;NC(=O)C1=CN([C@@H]2O[C@@H](CO[P@@](=O)([O-])O[P@](=O)([O-])OC[C@@H]3O[C@H](n4cnc5c(N)ncnc54)[C@@H](O)[C@H]3O)[C@H](O)[C@H]2O)C=CC1;1;No;NC(=O)C1CC=CN(C=1)[C@@H]1O[C@@H](CO[P@]([O-])(=O)O[P@@]([O-])(=O)OC[C@@H]2O[C@@H]([C@@H](O)[C@H]2O)[n]2c[n]c3c2[n]c[n]c3N)[C@H](O)[C@H]1O;0.07132861;1;-10.3;11
NADP;NC(=O)c1ccc[n+]([C@H]2O[C@H](CO[P@@](=O)([O-])O[P@](=O)([O-])OC[C@@H]3O[C@@H](n4cnc5c(N)ncnc54)[C@H](OP(=O)([O-])[O-])[C@H]3O)[C@@H](O)[C@@H]2O)c1;1;No;NC(=O)c1c[n+](ccc1)[C@H]1O[C@H](CO[P@]([O-])(=O)O[P@@]([O-])(=O)OC[C@@H]2O[C@H]([C@H](OP([O-])([O-])=O)[C@H]2O)[n]2c[n]c3c2[n]c[n]c3N)[C@@H](O)[C@@H]1O;0.293807834;1;-9;13
NADPH;NC(=O)C1=CN([C@H]2O[C@H](CO[P@@](=O)([O-])O[P@](=O)([O-])OC[C@H]3O[C@H](n4cnc5c(N)ncnc54)[C@@H](OP(=O)([O-])[O-])[C@@H]3O)[C@@H](O)[C@H]2O)C=CC1;1;No;NC(=O)C1CC=CN(C=1)[C@H]1O[C@H](CO[P@]([O-])(=O)O[P@@]([O-])(=O)OC[C@H]2O[C@@H]([C@@H](OP([O-])([O-])=O)[C@@H]2O)[n]2c[n]c3c2[n]c[n]c3N)[C@@H](O)[C@H]1O;0.104125604;1;-9;13
OLEOYL-COA;CCCCCCCC/C=C\CCCCCCCC(=O)SCCNC(=O)CCNC(=O)[C@H](O)C(C)(C)CO[P@](=O)([O-])O[P@](=O)([O-])OC[C@H]1O[C@H](n2cnc3c(N)ncnc32)[C@@H](O)[C@H]1OP(=O)([O-])[O-];1;No;CCCCCCCC/C=C\CCCCCCCC(=O)SCCNC(=O)CCNC(=O)[C@H](O)C(C)(C)CO[P@@]([O-])(=O)O[P@@]([O-])(=O)OC[C@H]1O[C@@H]([C@@H](O)[C@H]1OP([O-])([O-])=O)[n]1c[n]c2c(N)[n]c[n]c12;0.243906289;1;-8.4;WARNING:
P-COUMAROYL-COA;CC(C)(CO[P@](=O)([O-])O[P@](=O)([O-])OC[C@@H]1O[C@@H](n2cnc3c(N)ncnc32)[C@H](O)[C@H]1OP(=O)([O-])[O-])[C@H](O)C(=O)NCCC(=O)NCCSC(=O)/C=C/c1ccc(O)cc1;1;No;CC(C)(CO[P@@]([O-])(=O)O[P@@]([O-])(=O)OC[C@@H]1O[C@H]([C@H](O)[C@H]1OP([O-])([O-])=O)[n]1c[n]c2c(N)[n]c[n]c12)[C@H](O)C(=O)NCCC(=O)NCCSC(=O)/C=C/c1ccc(O)cc1;0.349195749;1;-8.5;22
PHOSPHORIBOSYL-AMP;N=c1c2ncn([C@@H]3O[C@H](COP(=O)([O-])[O-])[C@@H](O)[C@H]3O)c2ncn1[C@@H]1O[C@@H](COP(=O)([O-])[O-])[C@@H](O)[C@@H]1O;1;No;N=C1c2[n]c[n]([C@@H]3O[C@H](COP([O-])([O-])=O)[C@@H](O)[C@H]3O)c2N=CN1[C@@H]1O[C@@H](COP([O-])([O-])=O)[C@@H](O)[C@@H]1O;0.110394537;1;-8.9;8
PHOSPHORIBOSYL-ATP;N=c1c2ncn([C@@H]3O[C@H](CO[P@](=O)([O-])O[P@](=O)([O-])O[P@@](=O)([O-])O)[C@@H](O)[C@H]3O)c2ncn1[C@@H]1O[C@@H](COP(=O)([O-])[O-])[C@H](O)[C@@H]1O;1;No;N=C1c2[n]c[n]([C@@H]3O[C@H](CO[P@@]([O-])(=O)O[P@@]([O-])(=O)O[P@@]([O-])(O)=O)[C@@H](O)[C@H]3O)c2N=CN1[C@@H]1O[C@@H](COP([O-])([O-])=O)[C@H](O)[C@@H]1O;0.221987143;1;-9.2;12
PHOSPHORIBOSYL-FORMIMINO-AICAR-P;NC(=O)c1ncn([C@@H]2O[C@H](COP(=O)([O-])[O-])[C@@H](O)[C@@H]2O)c1/N=C/N[C@H]1O[C@H](COP(=O)([O-])[O-])[C@@H](O)[C@@H]1O;1;No;NC(=O)c1[n]c[n]([C@@H]2O[C@H](COP([O-])([O-])=O)[C@@H](O)[C@@H]2O)c1/N=C/N[C@H]1O[C@H](COP([O-])([O-])=O)[C@@H](O)[C@@H]1O;0.089954265;1;-8.6;11
PHOSPHORIBULOSYL-FORMIMINO-AICAR-P;NC(=O)c1ncn([C@@H]2O[C@H](COP(=O)([O-])[O-])[C@@H](O)[C@@H]2O)c1N/C=N/CC(=O)[C@@H](O)[C@H](O)COP(=O)([O-])[O-];1;No;NC(=O)c1[n]c[n]([C@@H]2O[C@H](COP([O-])([O-])=O)[C@@H](O)[C@@H]2O)c1N/C=N/CC(=O)[C@@H](O)[C@H](O)COP([O-])([O-])=O;0.077666715;1;-8.3;14
SINAPOYL-COA;COc1cc(/C=C\C(=O)SCCNC(=O)CCNC(=O)[C@H](O)C(C)(C)CO[P@](=O)([O-])O[P@@](=O)([O-])OC[C@@H]2O[C@@H](n3cnc4c(N)ncnc43)[C@H](O)[C@H]2OP(=O)([O-])[O-])cc(OC)c1O;1;No;CC(C)(CO[P@@]([O-])(=O)O[P@]([O-])(=O)OC[C@@H]1O[C@H]([C@H](O)[C@H]1OP([O-])([O-])=O)[n]1c[n]c2c(N)[n]c[n]c12)[C@@H](O)C(=O)NCCC(=O)NCCSC(=O)/C=C\c1cc(OC)c(O)c(c1)OC;0.303327292;1;-9.4;24
SUC-COA;CC(C)(CO[P@](=O)([O-])O[P@@](=O)([O-])OC[C@H]1O[C@H](n2cnc3c(N)ncnc32)[C@@H](O)[C@@H]1OP(=O)([O-])[O-])[C@H](O)C(=O)NCCC(=O)NCCSC(=O)CCC(=O)[O-];1;No;CC(C)(CO[P@@]([O-])(=O)O[P@]([O-])(=O)OC[C@H]1O[C@@H]([C@@H](O)[C@@H]1OP([O-])([O-])=O)[n]1c[n]c2c(N)[n]c[n]c12)[C@H](O)C(=O)NCCC(=O)NCCSC(=O)CCC([O-])=O;0.152203307;1;-8.2;23
TRANS-3-METHYL-GLUTACONYL-COA;C/C(=C\C(=O)SCCNC(=O)CCNC(=O)[C@@H](O)C(C)(C)CO[P@@](=O)([O-])O[P@@](=O)([O-])OC[C@H]1O[C@H](n2cnc3c(N)ncnc32)[C@@H](O)[C@@H]1OP(=O)([O-])[O-])CC(=O)[O-];1;No;C/C(/CC([O-])=O)=C\C(=O)SCCNC(=O)CCNC(=O)[C@@H](O)C(C)(C)CO[P@]([O-])(=O)O[P@]([O-])(=O)OC[C@H]1O[C@@H]([C@@H](O)[C@@H]1OP([O-])([O-])=O)[n]1c[n]c2c(N)[n]c[n]c12;0.322753012;1;-8.3;23
UDP-APIOSE;O=c1ccn([C@@H]2O[C@@H](CO[P@](=O)([O-])O[P@](=O)([O-])O[C@@H]3OC[C@@](O)(CO)[C@H]3O)[C@H](O)[C@H]2O)c(=O)[nH]1;1;No;[O-][P@](=O)(O[C@@H]1OC[C@@](O)(CO)[C@H]1O)O[P@]([O-])(=O)OC[C@@H]1O[C@H]([C@H](O)[C@H]1O)N1C=CC(=O)NC1=O;0.101340666;1;-9;9
UDP-D-XYLOSE;O=c1ccn([C@H]2O[C@H](CO[P@](=O)([O-])O[P@](=O)([O-])O[C@@H]3OC[C@H](O)[C@H](O)[C@@H]3O)[C@H](O)[C@@H]2O)c(=O)[nH]1;1;No;[O-][P@](=O)(O[C@@H]1OC[C@H](O)[C@H](O)[C@@H]1O)O[P@]([O-])(=O)OC[C@H]1O[C@@H]([C@@H](O)[C@H]1O)N1C=CC(=O)NC1=O;0.184604228;1;-9.5;8
UDP-D-XYLOSE;O=c1ccn([C@H]2O[C@H](CO[P@](=O)([O-])O[P@](=O)([O-])O[C@@H]3OC[C@H](O)[C@H](O)[C@@H]3O)[C@H](O)[C@@H]2O)c(=O)[nH]1;1;No;[O-][P@](=O)(O[C@@H]1OC[C@H](O)[C@H](O)[C@@H]1O)O[P@]([O-])(=O)OC[C@H]1O[C@@H]([C@@H](O)[C@H]1O)N1C=CC(=O)NC1=O;0.184604228;1;-8.7;8
UDP-GLUCURONATE;O=C([O-])[C@H]1O[C@@H](O[P@@](=O)([O-])O[P@](=O)([O-])OC[C@@H]2O[C@@H](n3ccc(=O)[nH]c3=O)[C@H](O)[C@@H]2O)[C@H](O)[C@@H](O)[C@@H]1O;1;No;[O-]C(=O)[C@H]1O[C@@H](O[P@]([O-])(=O)O[P@@]([O-])(=O)OC[C@@H]2O[C@H]([C@H](O)[C@@H]2O)N2C=CC(=O)NC2=O)[C@H](O)[C@@H](O)[C@@H]1O;0.177236408;1;-10.2;9
UDP-OHMYR-GLUCOSAMINE;CCCCCCCCCCC[C@@H](O)CC(=O)O[C@H]1[C@H](O)[C@@H](CO)O[C@@H](O[P@](=O)([O-])O[P@@](=O)([O-])OC[C@H]2O[C@H](n3ccc(=O)[nH]c3=O)[C@H](O)[C@@H]2O)[C@@H]1[NH3+];1;No;CCCCCCCCCCC[C@@H](O)CC(=O)O[C@@H]1[C@@H]([NH3+])[C@H](O[P@@]([O-])(=O)O[P@]([O-])(=O)OC[C@H]2O[C@@H]([C@H](O)[C@@H]2O)N2C=CC(=O)NC2=O)O[C@H](CO)[C@H]1O;0.119115002;1;-8.8;23
UDP-SULFOQUINOVOSE;O=c1ccn([C@H]2O[C@H](CO[P@@](=O)([O-])O[P@@](=O)([O-])O[C@H]3O[C@H](CS(=O)(=O)[O-])[C@@H](O)[C@H](O)[C@@H]3O)[C@@H](O)[C@@H]2O)c(=O)[nH]1;1;No;[O-][P@@](=O)(O[C@H]1O[C@H](CS([O-])(=O)=O)[C@@H](O)[C@H](O)[C@@H]1O)O[P@@]([O-])(=O)OC[C@H]1O[C@@H]([C@@H](O)[C@@H]1O)N1C=CC(=O)NC1=O;0.133828387;1;-8.6;10
APIGENIN-7-O-NEOHESPERIDOSIDE;C[C@H]1O[C@@H](O[C@@H]2[C@@H](O)[C@H](O)[C@H](CO)O[C@@H]2Oc2cc(O)c3c(=O)cc(-c4ccc(O)cc4)oc3c2)[C@H](O)[C@H](O)[C@@H]1O;2;No;C[C@H]1O[C@@H](O[C@H]2[C@@H](Oc3cc(O)c4C(=O)C=C(Oc4c3)c3ccc(O)cc3)O[C@@H](CO)[C@@H](O)[C@@H]2O)[C@H](O)[C@H](O)[C@@H]1O;0.211926207;1;-9.2;6
CPD-10318;O=C([O-])CC(=O)OC[C@@H]1O[C@@H](Oc2cc(O)c3c(=O)cc(-c4ccc(O)cc4)oc3c2)[C@H](O)[C@H](O)[C@@H]1O;2;No;[O-]C(=O)CC(=O)OC[C@@H]1O[C@@H](Oc2cc3OC(=CC(=O)c3c(O)c2)c2ccc(O)cc2)[C@H](O)[C@H](O)[C@@H]1O;0.255205333;1;-9;8
CPD-10349;O=c1cc(-c2ccc(O)cc2)oc2cc(O[C@@H]3OC[C@H](O)[C@@H](O)[C@H]3O)c([C@H]3O[C@H](CO)[C@@H](O)[C@H](O)[C@H]3O)c(O)c12;2;No;OC[C@H]1O[C@@H]([C@H](O)[C@@H](O)[C@@H]1O)c1c(cc2OC(=CC(=O)c2c1O)c1ccc(O)cc1)O[C@@H]1OC[C@H](O)[C@@H](O)[C@H]1O;0.171531588;1;-10.7;5
CPD-10500;COc1cc(-c2[o+]c3cc(O)cc(O)c3cc2O)ccc1O;2;No;COc1cc(ccc1O)-c1[o+]c2cc(O)cc(O)c2cc1O;0.251419276;1;-8.5;2
CPD-10501;COc1cc(-c2[o+]c3cc(O)cc(O)c3cc2O[C@@H]2O[C@H](CO)[C@@H](O)[C@@H](O)[C@@H]2O)ccc1O;2;No;COc1cc(ccc1O)-c1[o+]c2cc(O)cc(O)c2cc1O[C@@H]1O[C@H](CO)[C@@H](O)[C@@H](O)[C@@H]1O;0.151890576;1;-8.9;5
CPD-11685;O=c1c([O-])c(-c2ccc(O[C@@H]3O[C@H](CO)[C@H](O)[C@@H](O)[C@H]3O)c(O)c2)oc2cc(O)cc(O)c12;2;No;[O-]C1C(=O)c2c(cc(O)cc2O)OC=1c1cc(O)c(cc1)O[C@@H]1O[C@H](CO)[C@H](O)[C@@H](O)[C@H]1O;0.317275554;1;-10.2;4
CPD-14821;O=c1c(O[C@H]2O[C@@H](CO[C@@H]3O[C@@H](CO[C@@H]4O[C@@H](CO)[C@@H](O)[C@H](O)[C@@H]4O)[C@@H](O)[C@@H](O)[C@H]3O)[C@@H](O)[C@H](O)[C@H]2O)c(-c2ccc(O)c(O)c2)oc2cc(O)cc(O)c12;2;No;OC[C@@H]1O[C@@H](OC[C@@H]2O[C@@H](OC[C@@H]3O[C@H](OC4C(=O)c5c(cc(O)cc5O)OC=4c4cc(O)c(O)cc4)[C@H](O)[C@@H](O)[C@@H]3O)[C@H](O)[C@H](O)[C@@H]2O)[C@@H](O)[C@@H](O)[C@@H]1O;0.237328112;1;-9.3;10
CPD-14822;O=c1c(O[C@H]2O[C@@H](CO[C@H]3O[C@H](CO[C@@H]4O[C@@H](CO[C@H]5O[C@@H](CO)[C@H](O)[C@H](O)[C@@H]5O)[C@H](O)[C@H](O)[C@@H]4O)[C@H](O)[C@H](O)[C@@H]3O)[C@H](O)[C@@H](O)[C@@H]2O)c(-c2ccc(O)c(O)c2)oc2cc(O)cc(O)c12;2;No;OC[C@@H]1O[C@H](OC[C@@H]2O[C@@H](OC[C@H]3O[C@H](OC[C@@H]4O[C@H](OC5C(=O)c6c(cc(O)cc6O)OC=5c5cc(O)c(O)cc5)[C@@H](O)[C@H](O)[C@H]4O)[C@@H](O)[C@@H](O)[C@H]3O)[C@@H](O)[C@@H](O)[C@H]2O)[C@@H](O)[C@@H](O)[C@H]1O;0.190063447;1;-8.1;13
CPD-14824;O=c1cc(-c2ccc(O)cc2)oc2cc(O[C@@H]3O[C@@H](CO[C@H]4O[C@H](CO)[C@H](O)[C@@H](O)[C@@H]4O)[C@H](O)[C@@H](O)[C@@H]3O)cc(O)c12;2;No;OC[C@H]1O[C@H](OC[C@@H]2O[C@@H](Oc3cc(O)c4C(=O)C=C(Oc4c3)c3ccc(O)cc3)[C@@H](O)[C@H](O)[C@H]2O)[C@@H](O)[C@H](O)[C@H]1O;0.180426791;1;-8.5;0
CPD-14843;O=c1c(O[C@H]2O[C@H](CO)[C@H](O)[C@@H](O)[C@@H]2O)c(-c2cc(O)c(O)c(O)c2)oc2cc(O)cc(O)c12;2;Yes;OC[C@H]1O[C@H](OC2C(=O)c3c(cc(O)cc3O)OC=2c2cc(O)c(O)c(O)c2)[C@@H](O)[C@H](O)[C@H]1O;0.096931204;1;-8.1;4
CPD-14908;O=c1c([O-])c(-c2ccc(O)c(O)c2)oc2cc(O[C@H]3O[C@H](CO)[C@@H](O)[C@@H](O)[C@@H]3O)c(O)c(O)c12;2;No;[O-]C1C(=O)c2c(cc(O[C@H]3O[C@H](CO)[C@@H](O)[C@@H](O)[C@@H]3O)c(O)c2O)OC=1c1cc(O)c(O)cc1;0.141537145;1;-8.4;4
CPD-14969;COc1cc(-c2oc3cc(O)cc(O)c3c(=O)c2O[C@H]2O[C@@H](CO)[C@@H](O)[C@H](O)[C@H]2O)ccc1O;2;No;COc1cc(ccc1O)C1Oc2cc(O)cc(O)c2C(=O)C=1O[C@H]1O[C@@H](CO)[C@@H](O)[C@H](O)[C@H]1O;0.134472445;1;-8.1;5
CPD-14976;O=C(/C=C/c1ccc(O)cc1)OC[C@H]1O[C@@H](Oc2c(-c3ccc(O)cc3)oc3cc(O)cc(O)c3c2=O)[C@H](O)[C@H](O)[C@@H]1O;2;No;O[C@H]1[C@@H](O)[C@@H](O[C@H](COC(=O)/C=C/c2ccc(O)cc2)[C@H]1O)OC1=C(Oc2cc(O)cc(O)c2C1=O)c1ccc(O)cc1;0.13146241;1;-10;8
CPD-14977;COc1cc(/C=C/C(=O)OC[C@H]2O[C@@H](Oc3c(-c4ccc(O)cc4)oc4cc(O)cc(O)c4c3=O)[C@@H](O)[C@H](O)[C@H]2O)ccc1O;2;No;COc1cc(ccc1O)/C=C/C(=O)OC[C@H]1O[C@@H](OC2=C(Oc3cc(O)cc(O)c3C2=O)c2ccc(O)cc2)[C@@H](O)[C@H](O)[C@H]1O;0.177430049;1;-9.9;9
CPD-14978;O=C(/C=C\c1ccc(O)cc1)OC[C@@H]1O[C@H](Oc2c(-c3ccc(O)c(O)c3)oc3cc(O)cc(O)c3c2=O)[C@@H](O)[C@H](O)[C@H]1O;2;No;O[C@H]1[C@H](O)[C@H](O[C@@H](COC(=O)/C=C\c2ccc(O)cc2)[C@@H]1O)OC1=C(Oc2cc(O)cc(O)c2C1=O)c1cc(O)c(O)cc1;0.097097263;1;-8.8;8
CPD-14979;COc1cc(/C=C\C(=O)OC[C@@H]2O[C@H](Oc3c(-c4ccc(O)c(O)c4)oc4cc(O)cc(O)c4c3=O)[C@@H](O)[C@H](O)[C@H]2O)ccc1O;2;No;COc1cc(ccc1O)/C=C\C(=O)OC[C@@H]1O[C@H](OC2=C(Oc3cc(O)cc(O)c3C2=O)c2cc(O)c(O)cc2)[C@@H](O)[C@H](O)[C@H]1O;0.198047727;1;-9.9;9
CPD-14980;COc1cc(-c2oc3cc(O)cc(O)c3c(=O)c2O[C@@H]2O[C@H](COC(=O)/C=C/c3ccc(O)cc3)[C@@H](O)[C@H](O)[C@H]2O)ccc1O;2;No;COc1cc(ccc1O)C1Oc2cc(O)cc(O)c2C(=O)C=1O[C@@H]1O[C@H](COC(=O)/C=C/c2ccc(O)cc2)[C@@H](O)[C@H](O)[C@H]1O;0.118273251;1;-8.7;9
CPD-14988;O=C(/C=C/c1ccc(O)cc1)O[C@@H]1[C@H](O)[C@@H](Oc2c(-c3ccc(O)cc3)oc3cc(O)cc(O)c3c2=O)O[C@@H](CO)[C@H]1O;2;No;OC[C@@H]1O[C@H](OC2=C(Oc3cc(O)cc(O)c3C2=O)c2ccc(O)cc2)[C@@H](O)[C@@H](OC(=O)/C=C/c2ccc(O)cc2)[C@@H]1O;0.168868408;1;-8.6;8
CPD-14989;O=C(/C=C/c1ccc(O)cc1)O[C@@H]1[C@@H](O)[C@@H](CO)O[C@@H](Oc2c(-c3ccc(O)c(O)c3)oc3cc(O)cc(O)c3c2=O)[C@@H]1O;2;No;OC[C@H]1O[C@@H](OC2=C(Oc3cc(O)cc(O)c3C2=O)c2cc(O)c(O)cc2)[C@H](O)[C@H](OC(=O)/C=C/c2ccc(O)cc2)[C@H]1O;0.113129772;1;-8.6;8
CPD-14990;COc1cc(-c2oc3cc(O)cc(O)c3c(=O)c2O[C@@H]2O[C@@H](CO)[C@@H](O)[C@H](OC(=O)/C=C/c3ccc(O)cc3)[C@@H]2O)ccc1O;2;No;COc1cc(ccc1O)C1Oc2cc(O)cc(O)c2C(=O)C=1O[C@@H]1O[C@@H](CO)[C@@H](O)[C@H](OC(=O)/C=C/c2ccc(O)cc2)[C@@H]1O;0.065211065;1;-9.5;9
CPD-14991;O=C(/C=C/c1ccc(O)cc1)O[C@@H]1[C@@H](O)[C@H](O)[C@@H](Oc2c(-c3ccc(O)cc3)oc3cc(O)cc(O)c3c2=O)O[C@@H]1CO;2;No;OC[C@H]1O[C@H](OC2=C(Oc3cc(O)cc(O)c3C2=O)c2ccc(O)cc2)[C@@H](O)[C@H](O)[C@H]1OC(=O)/C=C/c1ccc(O)cc1;0.301514953;1;-8.7;8
CPD-14992;O=C(/C=C/c1ccc(O)cc1)O[C@@H]1[C@@H](CO)O[C@@H](Oc2c(-c3ccc(O)c(O)c3)oc3cc(O)cc(O)c3c2=O)[C@@H](O)[C@H]1O;2;No;OC[C@H]1O[C@@H](OC2=C(Oc3cc(O)cc(O)c3C2=O)c2cc(O)c(O)cc2)[C@@H](O)[C@@H](O)[C@@H]1OC(=O)/C=C/c1ccc(O)cc1;0.099163353;1;-9.4;8
CPD-14998;[O-]c1cc(O)cc2[o+]c(-c3ccc(O)c(O)c3)c(O[C@H]3O[C@H](CO)[C@H](O)[C@@H](O)[C@@H]3O)cc12;2;No;[O-]c1cc(O)cc2[o+]c(c(cc21)O[C@H]1O[C@H](CO)[C@H](O)[C@@H](O)[C@@H]1O)-c1cc(O)c(O)cc1;0.205809027;1;-8.7;4
CPD-15000;O=C(/C=C/c1ccc(O)cc1)OC[C@H]1O[C@@H](OC[C@@H]2O[C@@H](Oc3cc4c([O-])cc([O-])cc4[o+]c3-c3ccc(O)c(O)c3)[C@@H](O[C@H]3OC[C@H](O)[C@@H](O)[C@@H]3O)[C@H](O)[C@@H]2O)[C@@H](O)[C@@H](O)[C@@H]1O;2;No;[O-]c1cc2[o+]c(c(cc2c([O-])c1)O[C@@H]1O[C@@H](CO[C@@H]2O[C@H](COC(=O)/C=C/c3ccc(O)cc3)[C@@H](O)[C@H](O)[C@@H]2O)[C@@H](O)[C@@H](O)[C@@H]1O[C@H]1OC[C@H](O)[C@@H](O)[C@@H]1O)-c1cc(O)c(O)cc1;0.248904243;1;-8.7;13
CPD-15083;O=c1cc(-c2ccc(O)c(O)c2)oc2c([C@@H]3O[C@H](CO)[C@@H](O)[C@H](O)[C@H]3O)c([O-])cc(O)c12;2;No;[O-]c1cc(O)c2C(=O)C=C(Oc2c1[C@@H]1O[C@H](CO)[C@@H](O)[C@H](O)[C@H]1O)c1cc(O)c(O)cc1;0.036292423;1;-9.6;3
CPD-15084;O=c1cc(-c2ccccc2)oc2c([C@H]3O[C@H](CO)[C@@H](O)[C@@H](O)[C@@H]3O)c(O)cc(O)c12;2;No;OC[C@H]1O[C@@H]([C@@H](O)[C@H](O)[C@@H]1O)c1c2OC(=CC(=O)c2c(O)cc1O)c1ccccc1;0.189569116;1;-9.1;3
CPD-15176;O=c1cc(-c2ccccc2)oc2cc(O[C@H]3O[C@H](CO)[C@@H](O)[C@H](O)[C@H]3O)c(O)c(O)c12;2;No;OC[C@H]1O[C@H](Oc2cc3OC(=CC(=O)c3c(O)c2O)c2ccccc2)[C@H](O)[C@@H](O)[C@@H]1O;0.188820943;1;-8.9;4
CPD-15287;O=C(C[C@H](O)C(=O)[O-])OC[C@@H]1O[C@@H](Oc2cc3c([O-])cc(O)cc3[o+]c2-c2ccc(O)cc2)[C@H](O)[C@@H](O)[C@H]1O;2;No;[O-]C(=O)[C@@H](O)CC(=O)OC[C@@H]1O[C@@H](Oc2cc3c(cc(O)cc3[O-])[o+]c2-c2ccc(O)cc2)[C@H](O)[C@@H](O)[C@H]1O;0.209487095;1;-9.3;9
CPD-16528;COc1cc(/C=C/C(=O)OC[C@@H]2O[C@H](OC[C@@H]3O[C@@H](Oc4cc5c([O-])cc([O-])cc5[o+]c4-c4ccc(O)c(O)c4)[C@H](O[C@H]4OC[C@@H](O)[C@@H](O)[C@@H]4O)[C@@H](O)[C@@H]3O)[C@H](O)[C@@H](O)[C@H]2O)cc(OC)c1O;2;No;COc1cc(cc(OC)c1O)/C=C/C(=O)OC[C@@H]1O[C@H](OC[C@@H]2O[C@@H](Oc3cc4c(cc([O-])cc4[O-])[o+]c3-c3cc(O)c(O)cc3)[C@H](O[C@H]3OC[C@@H](O)[C@@H](O)[C@@H]3O)[C@@H](O)[C@@H]2O)[C@H](O)[C@@H](O)[C@H]1O;0.183903083;1;-9.5;15
CPD-16529;COc1cc(/C=C/C(=O)OC[C@@H]2O[C@H](OC[C@H]3O[C@H](Oc4cc5c([O-])cc([O-])cc5[o+]c4-c4ccc(O)c(O)c4)[C@@H](O[C@@H]4OC[C@H](O)[C@@H](O)[C@H]4O)[C@H](O)[C@@H]3O)[C@H](O)[C@@H](O)[C@@H]2O)ccc1O;2;No;COc1cc(ccc1O)/C=C/C(=O)OC[C@@H]1O[C@H](OC[C@H]2O[C@H](Oc3cc4c(cc([O-])cc4[O-])[o+]c3-c3cc(O)c(O)cc3)[C@@H](O[C@@H]3OC[C@H](O)[C@@H](O)[C@H]3O)[C@H](O)[C@@H]2O)[C@H](O)[C@@H](O)[C@@H]1O;0.272370636;1;-10.2;14
CPD-16535;[O-]c1cc([O-])c2cc(O[C@@H]3O[C@@H](CO)[C@H](O)[C@H](O)[C@H]3O[C@H]3OC[C@H](O)[C@H](O)[C@@H]3O)c(-c3ccc(O)c(O)c3)[o+]c2c1;2;No;[O-]c1cc2[o+]c(c(cc2c([O-])c1)O[C@@H]1O[C@@H](CO)[C@H](O)[C@H](O)[C@H]1O[C@H]1OC[C@H](O)[C@H](O)[C@@H]1O)-c1cc(O)c(O)cc1;0.164458975;1;-8.6;6
CPD-16539;COc1cc(/C=C\C(=O)O[C@@H]2[C@@H](O)[C@H](O)CO[C@@H]2O[C@H]2[C@H](Oc3cc4c(O[C@@H]5O[C@H](COC(=O)CC(=O)O)[C@@H](O)[C@H](O)[C@H]5O)cc(O)cc4[o+]c3-c3ccc(O)c(O)c3)O[C@H](COC(=O)/C=C/c3ccc(O)cc3)[C@@H](O)[C@@H]2O)cc(OC)c1O;2;No;COc1cc(cc(OC)c1O)/C=C\C(=O)O[C@H]1[C@@H](O[C@H]2[C@H](Oc3cc4c(cc(O)cc4O[C@@H]4O[C@H](COC(=O)CC(O)=O)[C@@H](O)[C@H](O)[C@H]4O)[o+]c3-c3cc(O)c(O)cc3)O[C@H](COC(=O)/C=C/c3ccc(O)cc3)[C@@H](O)[C@@H]2O)OC[C@@H](O)[C@@H]1O;0.303873122;1;-8.2;23
CPD-16541;O=C(/C=C/c1ccc(O)cc1)OC[C@@H]1O[C@H](Oc2cc3c([O-])cc([O-])cc3[o+]c2-c2ccc(O)c(O)c2)[C@H](O)[C@@H](O)[C@@H]1O;2;No;[O-]c1cc2[o+]c(c(cc2c([O-])c1)O[C@H]1O[C@@H](COC(=O)/C=C/c2ccc(O)cc2)[C@@H](O)[C@H](O)[C@H]1O)-c1cc(O)c(O)cc1;0.189456582;1;-9.9;8
CPD-16559;C[C@@H]1O[C@H](OC[C@H]2O[C@H](Oc3cc4c([O-])cc(O[C@@H]5O[C@@H](COC(=O)c6ccc(O)cc6)[C@H](O)[C@H](O)[C@H]5O)cc4[o+]c3-c3cc(O)c(O)c(O)c3)[C@H](O)[C@@H](O)[C@@H]2O)[C@@H](O)[C@H](O)[C@H]1O;2;No;C[C@@H]1O[C@H](OC[C@H]2O[C@H](Oc3cc4c([O-])cc(cc4[o+]c3-c3cc(O)c(O)c(O)c3)O[C@@H]3O[C@@H](COC(=O)c4ccc(O)cc4)[C@H](O)[C@H](O)[C@H]3O)[C@H](O)[C@@H](O)[C@@H]2O)[C@@H](O)[C@H](O)[C@H]1O;0.147806108;1;-8.6;12
CPD-16560;C[C@H]1O[C@@H](OC[C@@H]2O[C@@H](Oc3cc4c([O-])cc(O[C@@H]5O[C@H](COC(=O)c6ccc(O[C@@H]7O[C@H](CO)[C@@H](O)[C@H](O)[C@H]7O)cc6)[C@H](O)[C@@H](O)[C@@H]5O)cc4[o+]c3-c3cc(O)c(O)c(O)c3)[C@@H](O)[C@H](O)[C@H]2O)[C@@H](O)[C@@H](O)[C@@H]1O;2;No;C[C@H]1O[C@@H](OC[C@@H]2O[C@@H](Oc3cc4c([O-])cc(cc4[o+]c3-c3cc(O)c(O)c(O)c3)O[C@@H]3O[C@H](COC(=O)c4ccc(cc4)O[C@@H]4O[C@H](CO)[C@@H](O)[C@H](O)[C@H]4O)[C@H](O)[C@@H](O)[C@@H]3O)[C@@H](O)[C@H](O)[C@H]2O)[C@@H](O)[C@@H](O)[C@@H]1O;0.336684853;1;-9.6;15
CPD-16602;O=C(OC[C@H]1O[C@H](Oc2cc([O-])c3cc(O[C@@H]4O[C@H](CO)[C@@H](O)[C@@H](O)[C@@H]4O)c(-c4ccc(O)c(O)c4)[o+]c3c2)[C@@H](O)[C@@H](O)[C@H]1O)c1ccc(O)cc1;2;No;[O-]c1cc(cc2[o+]c(c(cc21)O[C@@H]1O[C@H](CO)[C@@H](O)[C@@H](O)[C@@H]1O)-c1cc(O)c(O)cc1)O[C@H]1O[C@H](COC(=O)c2ccc(O)cc2)[C@H](O)[C@H](O)[C@@H]1O;0.18165113;1;-8.5;10
CPD-16603;O=C(OC[C@H]1O[C@H](Oc2cc([O-])c3cc(O[C@@H]4O[C@@H](CO)[C@@H](O)[C@H](O)[C@@H]4O)c(-c4ccc(O)c(O)c4)[o+]c3c2)[C@H](O)[C@H](O)[C@H]1O)c1ccc(O[C@H]2O[C@H](CO)[C@H](O)[C@@H](O)[C@@H]2O)cc1;2;No;[O-]c1cc(cc2[o+]c(c(cc21)O[C@@H]1O[C@@H](CO)[C@@H](O)[C@H](O)[C@@H]1O)-c1cc(O)c(O)cc1)O[C@H]1O[C@H](COC(=O)c2ccc(cc2)O[C@H]2O[C@H](CO)[C@H](O)[C@@H](O)[C@@H]2O)[C@H](O)[C@@H](O)[C@H]1O;0.377618849;1;-8.6;13
CPD-16762;O=c1c([O-])c(-c2ccc(O)c(O)c2)oc2c(O)c(O[C@H]3O[C@H](CO)[C@@H](O)[C@@H](O)[C@@H]3O)cc(O)c12;2;No;[O-]C1C(=O)c2c(OC=1c1cc(O)c(O)cc1)c(O)c(cc2O)O[C@H]1O[C@H](CO)[C@@H](O)[C@@H](O)[C@@H]1O;0.184007496;1;-8.8;4
CPD-18093;[O-]c1cc(O[C@@H]2O[C@H](CO)[C@@H](O)[C@@H](O)[C@@H]2O)c2cc(O[C@H]3O[C@@H](CO)[C@H](O)[C@@H](O)[C@@H]3O[C@H]3OC[C@@H](O)[C@@H](O)[C@H]3O)c(-c3ccc(O)cc3)[o+]c2c1;2;No;[O-]c1cc(O[C@@H]2O[C@H](CO)[C@@H](O)[C@@H](O)[C@@H]2O)c2cc(O[C@H]3O[C@@H](CO)[C@H](O)[C@@H](O)[C@@H]3O[C@H]3OC[C@@H](O)[C@@H](O)[C@H]3O)c([o+]c2c1)-c1ccc(O)cc1;0.242049322;1;-8.9;9
CPD-18094;[O-]c1cc(O[C@H]2O[C@H](CO)[C@@H](O)[C@H](O)[C@@H]2O)c2cc(O[C@@H]3O[C@H](CO)[C@@H](O)[C@H](O)[C@H]3O[C@H]3OC[C@@H](O)[C@@H](O)[C@@H]3O)c(-c3ccc(O)c(O)c3)[o+]c2c1;2;No;[O-]c1cc2[o+]c(c(cc2c(c1)O[C@H]1O[C@H](CO)[C@@H](O)[C@H](O)[C@@H]1O)O[C@@H]1O[C@H](CO)[C@@H](O)[C@H](O)[C@H]1O[C@H]1OC[C@@H](O)[C@@H](O)[C@@H]1O)-c1cc(O)c(O)cc1;0.176624104;1;-9.2;9
CPD-3421;O=c1c(-c2ccc(O)cc2)coc2cc(O[C@@H]3O[C@@H](CO)[C@H](O)[C@H](O)[C@H]3O)cc(O)c12;2;No;OC[C@@H]1O[C@@H](Oc2cc(O)c3C(=O)C(=COc3c2)c2ccc(O)cc2)[C@H](O)[C@@H](O)[C@H]1O;0.035890527;1;-8.8;4
CPD-3422;O=C([O-])CC(=O)OC[C@H]1O[C@@H](Oc2cc(O)c3c(=O)c(-c4ccc(O)cc4)coc3c2)[C@@H](O)[C@@H](O)[C@H]1O;2;No;[O-]C(=O)CC(=O)OC[C@H]1O[C@@H](Oc2cc3OC=C(c4ccc(O)cc4)C(=O)c3c(O)c2)[C@@H](O)[C@@H](O)[C@H]1O;0.127235562;1;-9.3;8
CPD-5521;C[C@@H]1O[C@H](Oc2cc(O)c3c(=O)c(O[C@@H]4O[C@H](CO)[C@@H](O)[C@H](O)[C@H]4O)c(-c4ccc(O)c(O)c4)oc3c2)[C@@H](O)[C@@H](O)[C@@H]1O;2;No;C[C@@H]1O[C@H](Oc2cc3OC(=C(O[C@@H]4O[C@H](CO)[C@@H](O)[C@H](O)[C@H]4O)C(=O)c3c(O)c2)c2cc(O)c(O)cc2)[C@@H](O)[C@@H](O)[C@@H]1O;0.23312135;1;-9.1;6
CPD-7117;[O-]c1cc([O-])c2cc(O[C@@H]3O[C@H](CO)[C@H](O)[C@H](O)[C@H]3O)c(-c3cc(O)c(O)c(O)c3)[o+]c2c1;2;No;[O-]c1cc2[o+]c(c(cc2c([O-])c1)O[C@@H]1O[C@H](CO)[C@H](O)[C@H](O)[C@H]1O)-c1cc(O)c(O)c(O)c1;0.151914716;1;-8.8;4
CPD-7140;O=C(/C=C/c1ccc(O)c(O)c1)OC[C@@H]1O[C@H](Oc2cc3c(O[C@H]4O[C@@H](CO)[C@@H](O)[C@@H](O)[C@H]4O)cc([O-])cc3[o+]c2-c2ccc(O)cc2)[C@@H](O)[C@H](O)[C@@H]1O;2;No;[O-]c1cc2[o+]c(c(cc2c(c1)O[C@H]1O[C@@H](CO)[C@@H](O)[C@@H](O)[C@H]1O)O[C@H]1O[C@@H](COC(=O)/C=C/c2cc(O)c(O)cc2)[C@@H](O)[C@@H](O)[C@@H]1O)-c1ccc(O)cc1;0.214900494;1;-8.1;11
CPD-7144;C[C@@H]1O[C@@H](OC[C@H]2O[C@@H](Oc3cc4c([O-])cc(O)cc4[o+]c3-c3ccc(O)cc3)[C@H](O)[C@@H](O)[C@H]2O)[C@@H](O)[C@H](O)[C@H]1O;2;No;C[C@@H]1O[C@@H](OC[C@H]2O[C@@H](Oc3cc4c([O-])cc(O)cc4[o+]c3-c3ccc(O)cc3)[C@H](O)[C@@H](O)[C@H]2O)[C@@H](O)[C@H](O)[C@H]1O;0.172213256;1;-10.6;6
CPD-7148;C[C@H]1O[C@@H](OC[C@H]2O[C@@H](Oc3cc4c(O[C@@H]5O[C@H](CO)[C@@H](O)[C@@H](O)[C@@H]5O)cc([O-])cc4[o+]c3-c3ccc(O)cc3)[C@H](O)[C@@H](O)[C@@H]2O)[C@H](O)[C@H](O)[C@H]1O;2;No;C[C@H]1O[C@@H](OC[C@H]2O[C@@H](Oc3cc4c(cc([O-])cc4O[C@@H]4O[C@H](CO)[C@@H](O)[C@@H](O)[C@@H]4O)[o+]c3-c3ccc(O)cc3)[C@H](O)[C@@H](O)[C@@H]2O)[C@H](O)[C@H](O)[C@H]1O;0.250236928;1;-9;9
CPD-7149;O=C([O-])CC(=O)OC[C@H]1O[C@@H](Oc2cc3c([O-])cc(O)cc3[o+]c2-c2ccc(O)cc2)[C@@H](O)[C@@H](O)[C@@H]1O;2;No;[O-]C(=O)CC(=O)OC[C@H]1O[C@@H](Oc2cc3c(cc(O)cc3[O-])[o+]c2-c2ccc(O)cc2)[C@@H](O)[C@@H](O)[C@@H]1O;0.151399761;1;-9;8
CPD-7260;O=c1c(O[C@H]2O[C@@H](CO)[C@H](O)[C@@H](O)[C@H]2O)c(-c2ccc(O)cc2)oc2cc([O-])cc(O)c12;2;No;[O-]c1cc(O)c2C(=O)C(O[C@H]3O[C@@H](CO)[C@H](O)[C@@H](O)[C@H]3O)=C(Oc2c1)c1ccc(O)cc1;0.106852315;1;-8.9;4
CPD-7384;O=C(/C=C\c1ccc(O)cc1)OC[C@@H]1O[C@@H](Oc2cc3c([O-])cc([O-])cc3[o+]c2-c2ccc(O)cc2)[C@H](O)[C@@H](O)[C@@H]1O;2;No;[O-]c1cc2[o+]c(c(cc2c([O-])c1)O[C@@H]1O[C@@H](COC(=O)/C=C\c2ccc(O)cc2)[C@@H](O)[C@H](O)[C@H]1O)-c1ccc(O)cc1;0.19988215;1;-10;8
CPD-7708;O=C([O-])CC(=O)OC[C@@H]1O[C@H](Oc2cc([O-])cc3[o+]c(-c4ccc(O)c(O)c4)c(O[C@H]4O[C@@H](COC(=O)/C=C\c5ccc(O)cc5)[C@H](O)[C@H](O)[C@H]4O)cc23)[C@@H](O)[C@H](O)[C@H]1O;2;No;[O-]C(=O)CC(=O)OC[C@@H]1O[C@H](Oc2cc([O-])cc3[o+]c(c(cc32)O[C@H]2O[C@@H](COC(=O)/C=C\c3ccc(O)cc3)[C@H](O)[C@H](O)[C@H]2O)-c2cc(O)c(O)cc2)[C@@H](O)[C@H](O)[C@H]1O;0.106369093;1;-8.7;15
CPD-7714;O=C(/C=C/c1ccc(O)cc1)OC[C@@H]1O[C@@H](Oc2cc3c(O[C@@H]4O[C@H](CO)[C@H](O)[C@H](O)[C@@H]4O)cc([O-])cc3[o+]c2-c2ccc(O)c(O)c2)[C@@H](O)[C@H](O)[C@H]1O;2;No;[O-]c1cc2[o+]c(c(cc2c(c1)O[C@@H]1O[C@H](CO)[C@H](O)[C@H](O)[C@@H]1O)O[C@@H]1O[C@@H](COC(=O)/C=C/c2ccc(O)cc2)[C@H](O)[C@@H](O)[C@@H]1O)-c1cc(O)c(O)cc1;0.14121978;1;-9.3;11
CPD-7862;O=C([O-])CC(=O)OC[C@H]1O[C@H](Oc2cc3c([O-])cc([O-])cc3[o+]c2-c2cc(O)c(O)c(O)c2)[C@H](O)[C@@H](O)[C@@H]1O;2;No;[O-]C(=O)CC(=O)OC[C@H]1O[C@H](Oc2cc3c(cc([O-])cc3[O-])[o+]c2-c2cc(O)c(O)c(O)c2)[C@H](O)[C@@H](O)[C@@H]1O;0.209280163;1;-8.2;8
CPD-7960;O=C(/C=C/c1ccc(O)c(O)c1)OC[C@@H]1O[C@H](Oc2cc([O-])cc3[o+]c(-c4cc(O)c(O)c(O)c4)c(O[C@@H]4O[C@@H](CO)[C@H](O)[C@H](O)[C@@H]4O)cc23)[C@@H](O)[C@@H](O)[C@H]1O;2;No;[O-]c1cc2[o+]c(c(cc2c(c1)O[C@H]1O[C@@H](COC(=O)/C=C/c2cc(O)c(O)cc2)[C@H](O)[C@H](O)[C@@H]1O)O[C@@H]1O[C@@H](CO)[C@H](O)[C@H](O)[C@@H]1O)-c1cc(O)c(O)c(O)c1;0.078818746;1;-8.2;11
CPD-7963;O=C(/C=C/c1ccc(O)c(O)c1)OC[C@@H]1O[C@@H](Oc2cc([O-])cc3[o+]c(-c4cc(O)c(O)c(O[C@H]5O[C@H](CO)[C@H](O)[C@@H](O)[C@@H]5O)c4)c(O[C@H]4O[C@H](CO)[C@@H](O)[C@H](O)[C@@H]4O)cc23)[C@H](O)[C@H](O)[C@H]1O;2;No;[O-]c1cc2[o+]c(c(cc2c(c1)O[C@@H]1O[C@@H](COC(=O)/C=C/c2cc(O)c(O)cc2)[C@H](O)[C@@H](O)[C@H]1O)O[C@H]1O[C@H](CO)[C@@H](O)[C@H](O)[C@@H]1O)-c1cc(O[C@H]2O[C@H](CO)[C@H](O)[C@@H](O)[C@@H]2O)c(O)c(O)c1;0.147209495;1;-8.8;14
CPD-7965;O=C(/C=C\c1ccc(O)c(O)c1)OC[C@@H]1O[C@@H](Oc2cc(-c3[o+]c4cc([O-])cc(O[C@@H]5O[C@H](COC(=O)/C=C/c6ccc(O)c(O)c6)[C@@H](O)[C@@H](O)[C@H]5O)c4cc3O[C@H]3O[C@@H](CO)[C@H](O)[C@@H](O)[C@H]3O)cc(O)c2O)[C@@H](O)[C@@H](O)[C@H]1O;2;No;[O-]c1cc2[o+]c(c(cc2c(c1)O[C@@H]1O[C@H](COC(=O)/C=C/c2cc(O)c(O)cc2)[C@@H](O)[C@@H](O)[C@H]1O)O[C@H]1O[C@@H](CO)[C@H](O)[C@@H](O)[C@H]1O)-c1cc(O[C@@H]2O[C@@H](COC(=O)/C=C\c3cc(O)c(O)cc3)[C@H](O)[C@H](O)[C@@H]2O)c(O)c(O)c1;0.168919876;1;-8.6;18
CPD-8006;O=c1c([O-])c(-c2ccc(O)c(O)c2)oc2cc(O[C@H]3O[C@@H](CO)[C@@H](O)[C@H](O)[C@H]3O)cc(O)c12;2;No;[O-]C1C(=O)c2c(cc(cc2O)O[C@H]2O[C@@H](CO)[C@@H](O)[C@H](O)[C@H]2O)OC=1c1cc(O)c(O)cc1;0.1831709;1;-9.5;4
CPD-8006;O=c1c([O-])c(-c2ccc(O)c(O)c2)oc2cc(O[C@H]3O[C@@H](CO)[C@@H](O)[C@H](O)[C@H]3O)cc(O)c12;2;No;[O-]C1C(=O)c2c(cc(cc2O)O[C@H]2O[C@@H](CO)[C@@H](O)[C@H](O)[C@H]2O)OC=1c1cc(O)c(O)cc1;0.1831709;1;-9.1;4
CPD-8007;O=c1c([O-])c(-c2ccc(O)cc2)oc2cc(O[C@@H]3O[C@@H](CO)[C@@H](O)[C@H](O)[C@H]3O)cc(O)c12;2;No;[O-]C1C(=O)c2c(cc(cc2O)O[C@@H]2O[C@@H](CO)[C@@H](O)[C@H](O)[C@H]2O)OC=1c1ccc(O)cc1;0.289259523;1;-8.8;4
CPD-8012;C[C@@H]1O[C@H](Oc2c(-c3ccc(O)cc3)oc3cc(O[C@@H]4O[C@@H](CO)[C@H](O)[C@@H](O)[C@@H]4O)cc(O)c3c2=O)[C@@H](O)[C@H](O)[C@@H]1O;2;No;C[C@@H]1O[C@H](OC2C(=O)c3c(cc(cc3O)O[C@@H]3O[C@@H](CO)[C@H](O)[C@@H](O)[C@@H]3O)OC=2c2ccc(O)cc2)[C@@H](O)[C@H](O)[C@@H]1O;0.119769245;1;-8.6;6
CPD-8013;C[C@H]1O[C@H](Oc2c(-c3ccc(O)c(O)c3)oc3cc([O-])cc(O)c3c2=O)[C@H](O)[C@H](O)[C@@H]1O;2;No;C[C@H]1O[C@H](OC2C(=O)c3c(cc([O-])cc3O)OC=2c2cc(O)c(O)cc2)[C@H](O)[C@H](O)[C@@H]1O;0.128678381;1;-8.4;3
CPD-8013;C[C@H]1O[C@H](Oc2c(-c3ccc(O)c(O)c3)oc3cc([O-])cc(O)c3c2=O)[C@H](O)[C@H](O)[C@@H]1O;2;No;C[C@H]1O[C@H](OC2C(=O)c3c(cc([O-])cc3O)OC=2c2cc(O)c(O)cc2)[C@H](O)[C@H](O)[C@@H]1O;0.128678381;1;-9.1;3
CPD1F-437;O=c1c(O[C@@H]2O[C@@H](CO)[C@H](O)[C@H](O)[C@H]2O)c(-c2ccc(O)c(O)c2)oc2cc([O-])cc(O)c12;2;No;[O-]c1cc2OC(=C(O[C@@H]3O[C@@H](CO)[C@H](O)[C@H](O)[C@H]3O)C(=O)c2c(O)c1)c1cc(O)c(O)cc1;0.113735229;1;-8.8;4
CPD1F-461;C[C@H]1O[C@@H](Oc2c(-c3ccc(O)cc3)oc3cc([O-])cc(O)c3c2=O)[C@@H](O)[C@@H](O)[C@H]1O;2;No;C[C@H]1O[C@@H](OC2C(=O)c3c(cc([O-])cc3O)OC=2c2ccc(O)cc2)[C@@H](O)[C@@H](O)[C@H]1O;0.172767252;1;-9.2;3
CPD1F-462;C[C@H]1O[C@@H](Oc2cc(O)c3c(=O)c(O[C@@H]4O[C@H](C)[C@@H](O)[C@@H](O)[C@H]4O)c(-c4ccc(O)cc4)oc3c2)[C@@H](O)[C@@H](O)[C@@H]1O;2;No;C[C@H]1O[C@@H](Oc2cc(O)c3C(=O)C(O[C@@H]4O[C@H](C)[C@@H](O)[C@@H](O)[C@H]4O)=C(Oc3c2)c2ccc(O)cc2)[C@@H](O)[C@@H](O)[C@@H]1O;0.152999014;1;-8.8;5
CPD1F-766;[O-]c1cc([O-])c2cc(O[C@H]3O[C@H](CO)[C@H](O)[C@@H](O)[C@@H]3O)c(-c3ccc(O)c(O)c3)[o+]c2c1;2;No;[O-]c1cc2[o+]c(c(cc2c([O-])c1)O[C@H]1O[C@H](CO)[C@H](O)[C@@H](O)[C@@H]1O)-c1cc(O)c(O)cc1;0.205809027;1;-8.7;4
CPD1F-766;[O-]c1cc([O-])c2cc(O[C@H]3O[C@H](CO)[C@H](O)[C@@H](O)[C@@H]3O)c(-c3ccc(O)c(O)c3)[o+]c2c1;2;No;[O-]c1cc2[o+]c(c(cc2c([O-])c1)O[C@H]1O[C@H](CO)[C@H](O)[C@@H](O)[C@@H]1O)-c1cc(O)c(O)cc1;0.205809027;1;-9.7;4
LUTEOLIN-7-O-BETA-D-GLUCURONIDE;O=C([O-])[C@H]1O[C@H](Oc2cc(O)c3c(=O)cc(-c4ccc(O)c(O)c4)oc3c2)[C@@H](O)[C@H](O)[C@H]1O;2;No;[O-]C(=O)[C@H]1O[C@H](Oc2cc(O)c3c(c2)OC(=CC3=O)c2cc(O)c(O)cc2)[C@@H](O)[C@H](O)[C@H]1O;0.146638006;1;-9;4
LUTEOLIN-7-O-NEOHESPERIDOSIDE;C[C@H]1O[C@@H](O[C@H]2[C@H](Oc3cc(O)c4c(=O)cc(-c5ccc(O)c(O)c5)oc4c3)O[C@H](CO)[C@@H](O)[C@@H]2O)[C@@H](O)[C@H](O)[C@@H]1O;2;No;C[C@H]1O[C@@H](O[C@H]2[C@H](Oc3cc4OC(=CC(=O)c4c(O)c3)c3cc(O)c(O)cc3)O[C@H](CO)[C@@H](O)[C@@H]2O)[C@@H](O)[C@H](O)[C@@H]1O;0.268671155;1;-8.8;6
VITEXIN;O=c1cc(-c2ccc(O)cc2)oc2c([C@H]3O[C@@H](CO)[C@H](O)[C@H](O)[C@@H]3O)c([O-])cc(O)c12;2;No;[O-]c1cc(O)c2C(=O)C=C(Oc2c1[C@H]1O[C@@H](CO)[C@H](O)[C@H](O)[C@@H]1O)c1ccc(O)cc1;0.043732338;1;-10.1;3
